newest_detection,Month,Quarter,DOY,confidence,num_fires,centroid.latitude,centroid.longitude
2020-05-29T22:36:32+00:00,May,Q2,150,1,22,-12.41688705,37.93613037
2020-05-29T22:36:32+00:00,May,Q2,160,1,17,-12.17150357,38.06533157
2020-05-29T22:36:32+00:00,May,Q2,150,0.75,7,-11.49965229,38.14499714
2020-05-30T13:08:41+00:00,May,Q2,151,0.5,10,-12.0706064,38.5184952
2020-06-03T11:48:50+00:00,June,Q2,155,1,205,-11.41937611,38.32333389
2020-05-31T12:53:11+00:00,May,Q2,152,0.75,35,-11.60852274,38.69259583
2020-05-30T13:08:41+00:00,May,Q2,151,0.5,9,-12.19078363,37.85406
2020-05-30T21:29:53+00:00,May,Q2,151,1,61,-12.310982,38.22180825
2020-06-01T12:32:35+00:00,June,Q2,153,0.75,60,-12.01255249,38.50769712
2020-05-31T12:53:11+00:00,May,Q2,152,0.5,17,-11.53732176,38.76709641
2020-06-01T12:32:35+00:00,June,Q2,153,0.5,46,-11.62080043,38.60267722
2020-06-02T09:22:08+00:00,June,Q2,154,1,72,-11.41744787,38.58200835
2020-05-31T21:02:15+00:00,May,Q2,152,0.75,27,-11.54598496,38.25329644
2020-05-31T12:54:32+00:00,May,Q2,152,0.5,15,-12.19408333,37.96578133
2020-06-01T12:32:35+00:00,June,Q2,153,0.5,22,-11.45594364,38.60947677
2020-05-31T21:02:15+00:00,May,Q2,152,0.5,11,-11.33709209,38.27288455
2020-06-01T12:32:35+00:00,June,Q2,153,0.75,30,-11.49290417,38.0843469
2020-06-06T20:45:02+00:00,June,Q2,158,1,93,-11.5744918,38.34842573
2020-06-01T12:32:35+00:00,June,Q2,153,0.5,12,-12.26419658,38.0791205
2020-06-01T12:32:35+00:00,June,Q2,153,0.5,10,-11.58976956,38.19361333
2020-06-01T12:32:35+00:00,June,Q2,153,0.5,21,-11.66964457,38.112928
2020-06-02T12:09:43+00:00,June,Q2,154,0.5,23,-11.54145689,38.19814128
2020-06-03T21:17:18+00:00,June,Q2,155,1,36,-11.82018811,37.98874811
2020-06-02T21:21:19+00:00,June,Q2,154,1,112,-11.30152963,38.73865142
2020-06-01T12:32:35+00:00,June,Q2,153,0.5,22,-11.79777482,38.34169232
2020-06-01T21:40:48+00:00,June,Q2,153,0.5,5,-11.9498262,38.1402642
2020-06-04T13:45:50+00:00,June,Q2,156,1,87,-11.31518068,38.2037701
2020-06-02T09:22:08+00:00,June,Q2,154,1,35,-11.58293088,38.43499252
2020-06-02T12:09:43+00:00,June,Q2,154,0.5,9,-11.67940822,37.98606856
2020-06-02T10:02:55+00:00,June,Q2,154,0.5,7,-11.62317986,37.50482786
2020-06-02T12:09:43+00:00,June,Q2,154,0.5,11,-11.73399891,38.09579264
2020-06-06T15:50:26+00:00,June,Q2,158,0.75,21,-11.851867,38.65374756
2020-06-03T11:48:50+00:00,June,Q2,155,1,101,-11.866882,38.14058039
2020-06-05T18:16:41+00:00,June,Q2,157,1,110,-11.93171333,38.37914778
2020-06-06T17:14:54+00:00,June,Q2,158,1,101,-11.43545651,38.09671823
2020-06-03T11:48:50+00:00,June,Q2,155,0.5,9,-11.339914,38.81349911
2020-06-03T11:48:50+00:00,June,Q2,155,0.75,8,-11.56626888,38.80454613
2020-06-03T11:48:50+00:00,June,Q2,155,0.5,15,-11.480877,38.71872
2020-06-03T11:48:50+00:00,June,Q2,155,0.5,19,-12.04397984,38.21763153
2020-06-04T12:14:31+00:00,June,Q2,156,0.5,8,-11.77343563,38.39634525
2020-06-05T18:16:41+00:00,June,Q2,157,0.75,53,-11.80913426,38.15130721
2020-06-05T03:24:02+00:00,June,Q2,157,0.75,7,-12.18688971,38.41801857
2020-06-05T00:38:04+00:00,June,Q2,157,0.5,10,-12.3191517,38.3212981
2020-06-05T00:38:04+00:00,June,Q2,157,0.75,35,-12.22104095,38.43153135
2020-06-06T18:23:07+00:00,June,Q2,158,1,22,-11.76767375,38.29275625
2020-06-06T18:23:07+00:00,June,Q2,158,0.75,10,-12.2868855,38.5417431
2020-06-07T01:32:49+00:00,June,Q2,159,1,30,-11.72909305,38.1354849
2020-06-07T01:32:49+00:00,June,Q2,159,0.75,25,-11.39811856,38.1313072
2020-06-06T00:50:33+00:00,June,Q2,158,0.5,29,-11.96525428,38.3125225
2020-06-07T01:32:49+00:00,June,Q2,159,0.75,17,-11.284163,38.11898238
2020-06-06T22:53:20+00:00,June,Q2,158,0.5,11,-11.57655018,38.70959345
2020-06-06T22:53:20+00:00,June,Q2,158,1,36,-11.77207806,38.16223344
2020-06-06T22:49:12+00:00,June,Q2,158,0.5,7,-11.55787829,37.738911
2020-06-07T00:53:45+00:00,June,Q2,159,1,21,-11.72648821,38.07141614
2020-06-07T01:32:49+00:00,June,Q2,159,1,11,-11.71916773,38.74812782
2020-06-07T09:40:28+00:00,June,Q2,159,1,23,-11.83000739,38.53606339
2020-06-06T17:14:54+00:00,June,Q2,158,0.5,7,-12.23254171,37.76090929
2020-06-07T12:15:27+00:00,June,Q2,159,0.5,9,-11.66050956,38.73296022
2020-06-07T01:38:40+00:00,June,Q2,159,0.75,17,-11.67912776,38.56425524
2020-06-07T00:53:45+00:00,June,Q2,159,0.5,7,-11.56328757,38.45345143
2020-06-07T12:15:27+00:00,June,Q2,159,0.75,15,-12.11476064,37.85716971
2020-06-07T21:25:38+00:00,June,Q2,159,1,16,-11.27130669,37.99231394
2020-06-07T21:25:38+00:00,June,Q2,159,0.5,17,-11.67037018,38.495522
2020-06-07T21:25:38+00:00,June,Q2,159,0.75,10,-11.2940442,38.2030844
2020-06-08T00:07:31+00:00,June,Q2,160,1,43,-11.61879105,38.12375905
2020-06-15T22:54:00+00:00,June,Q2,167,1,142,-11.41554,38.18577667
2020-06-07T21:25:38+00:00,June,Q2,159,1,9,-11.27287956,38.80434578
2020-06-08T11:55:30+00:00,June,Q2,160,0.5,7,-12.62082286,37.51933957
2020-06-08T11:55:30+00:00,June,Q2,160,0.5,15,-12.5346126,37.39264653
2020-06-08T11:55:16+00:00,June,Q2,160,0.5,5,-11.699689,38.7795706
2020-06-08T11:55:16+00:00,June,Q2,160,0.5,8,-12.167172,37.70878814
2020-06-08T11:55:16+00:00,June,Q2,160,0.5,14,-11.58184971,38.78371357
2020-06-12T00:35:17+00:00,June,Q2,164,0.75,68,-11.69897214,38.15433841
2020-06-08T11:55:16+00:00,June,Q2,160,0.5,15,-11.82443033,37.8367726
2020-06-08T11:55:16+00:00,June,Q2,160,0.5,25,-11.77852004,38.54233884
2020-06-08T11:55:16+00:00,June,Q2,160,0.5,11,-11.88410445,38.06212445
2020-06-11T12:42:47+00:00,June,Q2,163,1,72,-12.215609,38.32285896
2020-06-09T09:41:56+00:00,June,Q2,161,0.5,5,-11.8349546,37.7236194
2020-06-09T21:26:05+00:00,June,Q2,161,0.75,5,-11.2963426,38.6652788
2020-06-10T12:59:52+00:00,June,Q2,162,0.5,9,-11.72791556,37.82052144
2020-06-10T09:59:43+00:00,June,Q2,162,0.75,4,-11.71784775,36.2702405
2020-06-10T21:02:37+00:00,June,Q2,162,0.5,13,-11.37083627,38.22655227
2020-06-11T12:42:47+00:00,June,Q2,163,0.5,39,-11.59350921,38.12447642
2020-06-11T09:27:18+00:00,June,Q2,163,0.5,7,-11.834318,37.92835357
2020-06-11T21:04:16+00:00,June,Q2,163,0.75,20,-11.71096353,38.70504673
2020-06-14T09:47:19+00:00,June,Q2,166,1,175,-11.5402725,38.1050575
2020-06-11T21:04:16+00:00,June,Q2,163,0.5,6,-11.479096,38.427503
2020-06-12T20:06:30+00:00,June,Q2,164,0.75,14,-11.55073643,37.98180336
2020-06-12T20:06:30+00:00,June,Q2,164,0.5,41,-11.4768442,38.16913734
2020-06-13T12:00:52+00:00,June,Q2,165,0.5,24,-12.33465525,38.49889704
2020-06-21T09:34:17+00:00,June,Q2,173,1,65,-12.0706315,38.15875508
2020-06-14T01:39:28+00:00,June,Q2,166,0.75,30,-12.38337697,38.35353577
2020-06-15T22:54:00+00:00,June,Q2,167,1,32,-11.78176143,38.29582421
2020-06-13T12:00:52+00:00,June,Q2,165,0.5,33,-11.742359,38.2279365
2020-06-14T09:57:45+00:00,June,Q2,166,0.75,21,-11.31235552,38.62267543
2020-06-14T11:42:07+00:00,June,Q2,166,1,32,-11.60389631,37.95160003
2020-06-15T09:38:35+00:00,June,Q2,167,1,42,-12.16349807,37.92211248
2020-06-14T11:42:07+00:00,June,Q2,166,0.75,20,-11.54042985,38.5922001
2020-06-14T09:47:19+00:00,June,Q2,166,0.75,4,-11.76622475,38.5755615
2020-06-16T01:01:57+00:00,June,Q2,168,0.75,26,-11.74278965,38.35527341
2020-06-21T12:49:56+00:00,June,Q2,173,1,187,-11.78622394,37.79029429
2020-06-14T11:42:07+00:00,June,Q2,166,0.75,18,-11.7948985,38.56645017
2020-06-14T11:42:07+00:00,June,Q2,166,0.5,11,-11.49594791,38.09739609
2020-06-14T20:59:21+00:00,June,Q2,166,0.75,12,-12.17556988,37.99991375
2020-06-16T12:47:46+00:00,June,Q2,168,1,69,-11.63749297,38.77745725
2020-06-15T01:23:37+00:00,June,Q2,167,1,73,-11.49362686,38.83645899
2020-06-15T09:38:35+00:00,June,Q2,167,0.5,11,-11.43897027,38.62597091
2020-06-19T09:33:15+00:00,June,Q2,171,1,101,-11.69976738,38.20478053
2020-06-17T21:16:15+00:00,June,Q2,169,1,46,-11.8174872,37.9257934
2020-06-15T01:23:37+00:00,June,Q2,167,0.5,37,-11.77291876,38.6088383
2020-06-17T12:27:55+00:00,June,Q2,169,1,73,-12.14769157,38.03490521
2020-06-16T01:01:57+00:00,June,Q2,168,0.5,26,-11.85240581,38.09796038
2020-06-18T21:35:59+00:00,June,Q2,170,1,173,-11.86115974,37.75309332
2020-06-21T21:20:17+00:00,June,Q2,173,1,138,-11.63416544,38.27604811
2020-06-18T12:11:10+00:00,June,Q2,170,1,71,-11.71136148,38.02160178
2020-06-16T10:03:51+00:00,June,Q2,168,0.75,24,-11.433605,38.37208644
2020-06-18T12:11:10+00:00,June,Q2,170,0.75,42,-11.53966705,37.9052869
2020-06-21T12:49:56+00:00,June,Q2,173,1,70,-12.44434745,37.92039492
2020-06-17T09:40:58+00:00,June,Q2,169,0.75,15,-11.73944358,37.95354642
2020-06-18T10:00:01+00:00,June,Q2,170,0.5,6,-12.06389783,38.703488
2020-06-18T12:11:10+00:00,June,Q2,170,0.5,13,-11.84386208,37.96614946
2020-06-19T21:10:27+00:00,June,Q2,171,0.5,6,-11.30579283,38.65800267
2020-06-18T21:35:59+00:00,June,Q2,170,0.5,10,-12.160716,38.467343
2020-06-21T01:10:51+00:00,June,Q2,173,1,102,-11.71598669,38.31720721
2020-06-19T11:46:36+00:00,June,Q2,171,1,34,-11.6636055,37.83835676
2020-06-19T11:46:36+00:00,June,Q2,171,0.75,18,-11.76311433,38.58385194
2020-06-20T10:00:52+00:00,June,Q2,172,0.75,37,-11.57081114,37.82240386
2020-06-19T21:10:27+00:00,June,Q2,171,0.75,25,-11.42758763,38.6408215
2020-06-19T20:57:37+00:00,June,Q2,171,0.5,4,-11.80268975,38.68587875
2020-06-20T09:57:14+00:00,June,Q2,172,0.5,4,-12.1044265,37.696509
2020-06-20T09:57:14+00:00,June,Q2,172,0.75,32,-11.89231194,38.61979175
2020-06-20T11:33:55+00:00,June,Q2,172,0.75,40,-11.78488075,38.1162372
2020-06-20T10:00:52+00:00,June,Q2,172,0.5,7,-11.78041257,38.004902
2020-06-20T10:00:52+00:00,June,Q2,172,0.75,9,-12.43324967,37.98063478
2020-06-21T21:20:17+00:00,June,Q2,173,1,81,-12.34536501,38.41449894
2020-06-20T13:11:26+00:00,June,Q2,172,0.5,21,-11.71219081,37.73341571
2020-06-20T21:40:55+00:00,June,Q2,172,0.5,5,-11.3040728,38.7838396
2020-06-21T09:34:17+00:00,June,Q2,173,0.5,14,-12.25812464,38.46917779
2020-06-21T09:34:17+00:00,June,Q2,173,1,30,-12.21427577,38.1759373
2020-06-21T21:20:17+00:00,June,Q2,173,0.75,15,-12.17256658,37.95940383
2020-06-21T21:20:17+00:00,June,Q2,173,0.75,13,-11.75034,37.822088
2020-06-22T21:23:20+00:00,June,Q2,174,0.5,8,-12.84818563,36.91622175
2020-06-24T09:47:27+00:00,June,Q2,176,0.75,7,-12.32240171,37.95073929
2020-06-24T09:47:27+00:00,June,Q2,176,0.75,20,-12.2749036,37.96165705
2020-06-25T09:28:44+00:00,June,Q2,177,0.75,27,-11.31350285,38.15185015
2020-06-27T12:42:23+00:00,June,Q2,179,1,25,-11.90170175,37.82739906
2020-06-24T21:34:45+00:00,June,Q2,176,0.5,8,-12.28869575,38.33992625
2020-06-28T21:33:43+00:00,June,Q2,180,1,116,-11.90699749,38.50214921
2020-06-29T12:09:45+00:00,June,Q2,181,1,56,-11.7666655,38.651315
2020-06-26T09:48:14+00:00,June,Q2,178,0.75,5,-11.2979876,37.8960922
2020-06-26T21:35:58+00:00,June,Q2,178,0.75,14,-11.79747431,37.87896215
2020-06-26T21:35:58+00:00,June,Q2,178,0.5,6,-11.915797,38.56048617
2020-06-28T21:33:43+00:00,June,Q2,179,1,97,-11.47472308,38.37465385
2020-07-04T09:40:12+00:00,July,Q3,186,1,285,-12.30887119,38.38659467
2020-06-29T09:57:20+00:00,June,Q2,181,1,34,-11.76733344,37.94646303
2020-06-28T12:28:44+00:00,June,Q2,180,0.5,6,-12.56920317,37.163812
2020-06-29T09:18:03+00:00,June,Q2,181,1,17,-11.75345159,37.51013259
2020-06-29T21:11:23+00:00,June,Q2,181,1,93,-11.319804,38.87521654
2020-06-29T12:09:45+00:00,June,Q2,181,0.5,17,-11.36595824,38.84527259
2020-07-01T01:16:47+00:00,July,Q3,183,1,19,-12.67033926,37.48524432
2020-06-29T21:57:56+00:00,June,Q2,181,0.75,29,-11.68901333,38.462405
2020-06-29T21:57:56+00:00,June,Q2,181,0.5,8,-11.75878525,37.90377013
2020-06-30T09:39:31+00:00,June,Q2,182,0.75,4,-11.89822775,38.66224875
2020-06-30T09:39:31+00:00,June,Q2,182,0.5,4,-12.1302645,38.33489425
2020-06-30T21:28:56+00:00,June,Q2,182,0.75,8,-12.40174033,38.50860233
2020-07-12T20:58:27+00:00,July,Q3,194,1,318,-12.123471,38.61106528
2020-07-01T13:06:27+00:00,July,Q3,183,0.75,12,-12.68722758,37.43395525
2020-07-01T13:06:27+00:00,July,Q3,182,0.5,19,-11.70007926,37.87634326
2020-07-01T13:06:27+00:00,July,Q3,183,0.75,128,-11.88156132,37.54706024
2020-07-04T00:23:34+00:00,July,Q3,186,1,286,-11.41121135,37.94163612
2020-07-03T09:34:42+00:00,July,Q3,185,1,114,-11.49288344,38.02547954
2020-07-02T09:56:22+00:00,July,Q3,184,1,61,-11.86597828,38.50578048
2020-07-03T09:23:39+00:00,July,Q3,185,0.75,25,-12.31804165,38.10650415
2020-07-02T21:30:24+00:00,July,Q3,184,1,26,-11.448616,38.651507
2020-07-02T09:56:22+00:00,July,Q3,184,0.75,23,-11.49205735,38.78555791
2020-07-02T09:55:51+00:00,July,Q3,184,0.5,5,-11.792406,38.6113692
2020-07-02T09:55:51+00:00,July,Q3,184,0.75,4,-12.5474485,37.23176375
2020-07-02T21:30:24+00:00,July,Q3,184,0.75,46,-11.34475611,38.69623328
2020-07-02T12:45:32+00:00,July,Q3,184,0.5,42,-11.949096,37.86888667
2020-07-02T21:30:24+00:00,July,Q3,184,0.5,6,-12.466874,37.7138075
2020-07-03T00:46:11+00:00,July,Q3,185,0.5,40,-11.89815667,37.89646556
2020-07-03T09:23:39+00:00,July,Q3,185,1,12,-12.08915167,38.67297333
2020-07-03T10:04:58+00:00,July,Q3,185,0.5,9,-12.39142778,37.80994022
2020-07-03T12:30:12+00:00,July,Q3,185,0.5,15,-12.6239122,37.48095313
2020-07-03T21:09:41+00:00,July,Q3,185,0.5,12,-12.405883,38.30787973
2020-07-03T21:09:41+00:00,July,Q3,185,0.5,9,-11.82119489,38.56676811
2020-07-03T21:39:17+00:00,July,Q3,185,1,121,-11.44288071,38.42276107
2020-07-04T12:09:37+00:00,July,Q3,186,0.5,14,-11.65000836,38.12765036
2020-07-05T11:50:03+00:00,July,Q3,187,0.5,26,-11.98654465,37.79613877
2020-07-10T15:22:34+00:00,July,Q3,192,1,150,-11.87541551,37.97118711
2020-07-07T01:10:14+00:00,July,Q3,189,0.75,49,-11.35459828,38.83372712
2020-07-06T09:54:36+00:00,July,Q3,188,1,35,-11.39095226,38.08795194
2020-07-06T21:25:21+00:00,July,Q3,188,0.75,28,-11.76169696,38.11314837
2020-07-10T15:22:19+00:00,July,Q3,192,1,63,-11.4198072,38.02834378
2020-07-06T09:42:42+00:00,July,Q3,188,0.75,5,-12.06142133,37.75448433
2020-07-06T09:42:42+00:00,July,Q3,188,0.75,11,-12.37286018,37.69828736
2020-07-10T15:22:34+00:00,July,Q3,192,1,75,-12.7221455,37.24663835
2020-07-06T09:54:36+00:00,July,Q3,188,0.5,11,-11.61536655,37.90743845
2020-07-06T21:25:21+00:00,July,Q3,188,0.5,7,-12.33743071,37.85155129
2020-07-07T01:10:14+00:00,July,Q3,189,0.5,6,-12.32407717,37.83465017
2020-07-07T01:10:14+00:00,July,Q3,189,1,40,-12.02312616,38.56907626
2020-07-10T15:22:34+00:00,July,Q3,192,1,50,-11.93107616,37.72001284
2020-07-10T15:22:34+00:00,July,Q3,192,1,24,-11.78814504,38.66606308
2020-07-12T20:58:27+00:00,July,Q3,194,1,130,-11.67794295,38.21150237
2020-07-07T01:10:14+00:00,July,Q3,189,0.5,18,-12.20707528,37.86503617
2020-07-10T15:18:48+00:00,July,Q3,192,0.75,29,-12.00150221,38.61462328
2020-07-10T15:18:50+00:00,July,Q3,192,0.75,10,-12.3022143,38.5179101
2020-07-10T15:18:48+00:00,July,Q3,192,1,23,-11.67720757,37.30213835
2020-07-10T15:18:50+00:00,July,Q3,192,0.75,28,-11.35104907,38.10924657
2020-07-07T12:55:09+00:00,July,Q3,189,0.75,40,-12.58323513,37.13074058
2020-07-07T12:55:09+00:00,July,Q3,189,0.75,18,-11.66087289,37.043107
2020-07-10T15:26:49+00:00,July,Q3,192,0.75,11,-11.61812091,36.07887673
2020-07-07T12:55:09+00:00,July,Q3,189,0.5,27,-11.83410981,38.76104974
2020-07-10T15:32:41+00:00,July,Q3,192,1,111,-11.76412946,38.68701464
2020-07-10T15:22:19+00:00,July,Q3,192,0.5,3,-12.149744,37.859842
2020-07-10T15:22:19+00:00,July,Q3,192,0.75,23,-11.65006107,37.54804827
2020-07-10T15:22:34+00:00,July,Q3,192,0.5,5,-12.2280712,38.2216636
2020-07-08T00:48:03+00:00,July,Q3,190,0.5,8,-11.414414,37.89381738
2020-07-10T21:17:02+00:00,July,Q3,192,1,40,-11.92466435,37.8433722
2020-07-10T11:49:03+00:00,July,Q3,192,0.5,11,-12.1450975,37.7453375
2020-07-10T11:49:14+00:00,July,Q3,192,0.5,10,-12.6028738,37.2402782
2020-07-16T01:37:29+00:00,July,Q3,198,1,241,-11.82341172,38.20872274
2020-07-12T21:04:02+00:00,July,Q3,194,1,44,-11.89010373,38.58982887
2020-07-11T20:44:50+00:00,July,Q3,193,0.5,4,-12.33585625,37.8726325
2020-07-13T12:41:25+00:00,July,Q3,195,1,97,-11.91866751,38.71964235
2020-07-11T11:35:42+00:00,July,Q3,193,0.5,30,-11.89701347,38.0976697
2020-07-11T20:44:50+00:00,July,Q3,193,0.5,6,-12.27171733,37.97316317
2020-07-11T20:44:50+00:00,July,Q3,193,0.75,32,-12.087815,38.62155191
2020-07-11T21:03:49+00:00,July,Q3,193,0.5,9,-11.52678644,38.65725833
2020-07-11T21:37:51+00:00,July,Q3,193,0.5,6,-11.36017217,37.82868167
2020-07-12T12:59:35+00:00,July,Q3,193,1,60,-11.74177817,37.36876453
2020-07-12T09:25:09+00:00,July,Q3,194,1,35,-11.65338933,37.470914
2020-07-12T09:25:09+00:00,July,Q3,194,0.5,6,-12.20948583,37.69325017
2020-07-12T12:59:35+00:00,July,Q3,194,0.5,24,-12.58108725,37.15866054
2020-07-12T12:59:35+00:00,July,Q3,194,1,19,-12.76368806,37.34793394
2020-07-12T12:59:35+00:00,July,Q3,194,0.5,14,-12.40788043,37.77188186
2020-07-14T21:25:49+00:00,July,Q3,196,0.75,12,-12.17552633,38.47618678
2020-07-13T00:55:12+00:00,July,Q3,195,0.75,16,-11.5190675,38.3971915
2020-07-12T20:58:27+00:00,July,Q3,194,0.5,12,-11.376146,38.72180217
2020-07-12T20:58:27+00:00,July,Q3,194,0.5,11,-11.33872682,38.66804491
2020-07-13T10:02:50+00:00,July,Q3,195,0.75,6,-12.04605967,37.7782695
2020-07-14T00:31:23+00:00,July,Q3,196,0.5,31,-11.92342874,37.77607416
2020-07-13T12:41:25+00:00,July,Q3,195,0.5,15,-11.91377493,38.61595713
2020-07-14T12:23:54+00:00,July,Q3,196,0.75,12,-12.06500308,38.02793458
2020-07-14T21:25:49+00:00,July,Q3,196,1,27,-12.2463981,38.57788619
2020-08-21T00:50:23+00:00,August,Q3,,1,2425,-11.9717436,37.63850423
2020-07-14T21:25:49+00:00,July,Q3,196,0.5,12,-11.69600056,36.70488789
2020-07-14T21:21:06+00:00,July,Q3,196,0.75,7,-12.65401933,37.48747533
2020-07-15T12:01:54+00:00,July,Q3,197,0.5,12,-11.92519742,38.0412195
2020-07-16T01:37:29+00:00,July,Q3,198,0.75,51,-11.83896718,38.00490014
2020-07-15T21:31:41+00:00,July,Q3,197,0.5,13,-12.651321,37.32276354
2020-07-15T12:01:54+00:00,July,Q3,197,0.5,4,-12.9049615,36.74799875
2020-07-18T09:39:20+00:00,July,Q3,200,1,99,-12.17821959,38.54112633
2020-07-15T21:32:12+00:00,July,Q3,197,0.5,8,-12.85209263,36.99165113
2020-07-19T12:35:53+00:00,July,Q3,201,1,26,-12.61344256,37.54792967
2020-07-17T15:31:23+00:00,July,Q3,199,0.75,46,-12.19471392,37.69048854
2020-07-15T21:32:12+00:00,July,Q3,197,0.75,16,-12.12735175,37.92241
2020-07-15T21:32:12+00:00,July,Q3,197,0.5,20,-12.22543925,37.8674946
2020-07-15T21:32:12+00:00,July,Q3,197,0.75,34,-12.42074444,37.80637732
2020-07-16T01:37:29+00:00,July,Q3,198,0.75,16,-11.9032215,37.7898375
2020-07-16T01:37:29+00:00,July,Q3,198,0.75,19,-11.89036121,37.86453463
2020-07-15T21:32:12+00:00,July,Q3,197,0.75,10,-11.6556388,37.0536638
2020-07-19T21:31:28+00:00,July,Q3,201,1,324,-11.94269784,38.58352508
2020-07-16T09:27:47+00:00,July,Q3,198,0.5,16,-11.70320144,37.40446288
2020-07-16T21:09:20+00:00,July,Q3,198,0.5,4,-11.327024,38.130878
2020-07-17T01:20:27+00:00,July,Q3,199,0.5,20,-11.72088485,37.02824985
2020-07-17T17:06:19+00:00,July,Q3,199,0.75,20,-11.587502,37.683548
2020-07-20T00:22:24+00:00,July,Q3,202,0.5,24,-11.916731,37.92161509
2020-07-18T09:39:20+00:00,July,Q3,200,1,14,-12.01761567,37.77824433
2020-07-17T17:06:19+00:00,July,Q3,199,0.5,3,-12.06077367,37.90263633
2020-07-18T12:45:55+00:00,July,Q3,200,0.75,34,-12.16890759,37.80735373
2020-07-18T12:45:55+00:00,July,Q3,200,0.5,47,-12.46616612,37.22461442
2020-07-18T00:59:53+00:00,July,Q3,200,0.5,9,-12.75306556,37.21552589
2020-07-19T12:35:53+00:00,July,Q3,201,1,171,-12.66529432,37.38613649
2020-07-19T00:42:47+00:00,July,Q3,201,0.75,25,-11.35934708,38.64137728
2020-07-19T12:35:53+00:00,July,Q3,201,1,69,-12.04646298,38.63066152
2020-07-19T12:35:53+00:00,July,Q3,201,1,109,-12.42693427,38.46547745
2020-07-19T09:45:58+00:00,July,Q3,201,1,33,-12.42947381,37.24521796
2020-07-18T12:45:55+00:00,July,Q3,200,0.5,14,-12.41301979,38.32985621
2020-07-18T21:12:58+00:00,July,Q3,200,0.5,18,-11.77931533,38.69601839
2020-07-19T00:42:47+00:00,July,Q3,201,0.5,12,-12.32468458,38.00646
2020-07-19T12:35:53+00:00,July,Q3,201,1,96,-12.76086273,37.0471369
2020-07-18T21:12:58+00:00,July,Q3,200,1,48,-11.69816544,38.382839
2020-07-20T00:22:24+00:00,July,Q3,202,1,80,-11.61147849,38.07620542
2020-07-19T09:53:34+00:00,July,Q3,201,0.75,6,-12.182777,35.9625695
2020-07-19T12:35:53+00:00,July,Q3,201,0.75,32,-12.73177561,36.85526416
2020-07-19T12:35:53+00:00,July,Q3,201,0.5,19,-11.80174979,38.62772158
2020-07-21T09:54:50+00:00,July,Q3,203,1,30,-12.8954305,36.798307
2020-07-19T12:35:53+00:00,July,Q3,201,0.75,39,-11.99137213,36.0429551
2020-07-20T12:10:59+00:00,July,Q3,202,1,31,-11.47414265,38.66107381
2020-07-19T12:35:53+00:00,July,Q3,201,0.5,4,-11.70738525,37.00866025
2020-07-23T01:12:05+00:00,July,Q3,205,1,93,-11.60507855,38.6216434
2020-07-19T12:35:53+00:00,July,Q3,201,0.5,15,-11.81057473,38.54612613
2020-07-19T12:35:53+00:00,July,Q3,201,0.5,15,-11.9767602,37.5772186
2020-07-19T12:35:53+00:00,July,Q3,201,0.5,19,-12.09326995,37.80636637
2020-07-21T21:43:24+00:00,July,Q3,203,1,200,-12.25695812,38.51340794
2020-07-21T11:48:15+00:00,July,Q3,203,0.5,24,-12.42355113,37.85574991
2020-07-19T12:35:53+00:00,July,Q3,201,0.5,18,-12.35530339,38.48321778
2020-07-19T12:35:53+00:00,July,Q3,201,0.5,10,-12.8138553,36.7456832
2020-07-19T21:14:05+00:00,July,Q3,201,1,18,-11.441274,38.772936
2020-07-20T09:29:42+00:00,July,Q3,202,0.5,9,-11.69284144,36.14718456
2020-07-21T09:54:50+00:00,July,Q3,203,0.75,7,-11.54153671,38.75889043
2020-07-21T11:48:15+00:00,July,Q3,203,1,40,-11.91179205,37.5749376
2020-07-21T11:48:15+00:00,July,Q3,203,1,51,-12.2930718,38.41430659
2020-07-23T09:45:52+00:00,July,Q3,205,1,59,-11.79839863,38.73164232
2020-07-21T11:48:15+00:00,July,Q3,203,1,25,-12.33080648,38.5214738
2020-07-21T09:54:50+00:00,July,Q3,203,1,43,-12.426466,37.14222302
2020-07-21T11:48:15+00:00,July,Q3,203,0.5,19,-12.45194484,37.97969316
2020-07-21T21:43:24+00:00,July,Q3,203,0.75,11,-12.23094036,38.59002991
2020-07-23T21:33:57+00:00,July,Q3,205,1,226,-11.73982377,38.51104167
2020-07-21T11:48:15+00:00,July,Q3,203,0.75,20,-11.50873435,38.68195925
2020-07-22T01:22:09+00:00,July,Q3,204,0.75,23,-11.71249422,37.1699523
2020-07-23T01:12:05+00:00,July,Q3,205,0.75,17,-12.41447482,38.02229094
2020-07-22T21:14:25+00:00,July,Q3,204,0.5,8,-11.4698825,38.7896235
2020-07-24T00:47:30+00:00,July,Q3,206,0.75,66,-11.76613888,38.17827256
2020-08-06T15:31:22+00:00,July,Q3,,1,486,-11.93475534,38.19316058
2020-07-24T00:47:30+00:00,July,Q3,206,1,78,-11.64447087,38.56612962
2020-07-23T10:04:20+00:00,July,Q3,205,0.75,30,-11.7421993,38.5973352
2020-07-23T09:45:52+00:00,July,Q3,205,1,30,-11.97020245,37.82748182
2020-07-23T09:45:52+00:00,July,Q3,205,0.5,6,-12.06175333,38.10651417
2020-07-23T10:04:20+00:00,July,Q3,205,0.75,7,-12.8237038,37.2086066
2020-07-23T10:04:20+00:00,July,Q3,205,0.75,13,-12.89974846,37.07714669
2020-07-23T21:33:57+00:00,July,Q3,205,1,8,-12.49262313,37.44044738
2020-07-23T21:33:57+00:00,July,Q3,205,0.5,11,-12.51108227,37.25886109
2020-07-24T00:47:30+00:00,July,Q3,206,0.75,19,-12.27653142,37.69888495
2020-07-23T21:31:09+00:00,July,Q3,205,0.5,6,-11.38170833,38.69474333
2020-07-24T12:34:17+00:00,July,Q3,206,0.5,23,-11.70167617,37.96115196
2020-07-24T09:43:10+00:00,July,Q3,206,0.75,34,-11.56332462,38.64924692
2020-07-25T21:33:04+00:00,July,Q3,207,1,26,-11.68741068,38.64608616
2020-07-24T09:43:10+00:00,July,Q3,206,0.75,10,-11.63751111,37.52756333
2020-08-02T01:39:54+00:00,August,Q3,215,1,129,-11.7566993,37.86587265
2020-07-26T11:55:14+00:00,July,Q3,208,0.5,6,-11.73723617,38.15705317
2020-07-28T01:19:14+00:00,July,Q3,210,0.5,8,-11.61197238,38.09403775
2020-07-30T09:13:09+00:00,July,Q3,212,1,48,-11.64923528,37.89895528
2020-08-01T13:46:06+00:00,August,Q3,214,1,148,-12.45226418,38.11738965
2020-07-30T00:41:53+00:00,July,Q3,212,0.75,17,-11.41833229,38.60699143
2020-07-30T00:41:53+00:00,July,Q3,212,1,36,-11.48676685,38.15313537
2020-07-29T12:59:57+00:00,July,Q3,211,0.75,10,-11.6188794,37.8387829
2020-08-02T12:22:16+00:00,August,Q3,215,1,323,-11.46904906,38.30397143
2020-07-29T21:50:33+00:00,July,Q3,211,0.75,59,-11.60414992,38.48189519
2020-07-29T12:59:57+00:00,July,Q3,211,0.75,19,-12.36303005,38.20703526
2020-07-31T00:38:41+00:00,July,Q3,213,0.5,32,-11.47171916,38.59177172
2020-07-28T12:16:28+00:00,July,Q3,210,0.5,5,-11.599162,38.805646
2020-07-29T12:50:02+00:00,July,Q3,211,0.5,25,-11.708794,37.3537924
2020-07-29T01:02:05+00:00,July,Q3,211,0.75,39,-12.543327,37.38973583
2020-07-30T00:57:58+00:00,July,Q3,212,0.75,11,-11.49969509,38.23082745
2020-07-31T15:12:24+00:00,July,Q3,213,0.75,23,-11.8248307,38.7740756
2020-07-29T12:59:57+00:00,July,Q3,211,0.5,13,-12.10551123,37.79229238
2020-07-31T13:06:12+00:00,July,Q3,213,0.75,41,-12.85220641,36.71419076
2020-07-31T12:09:47+00:00,July,Q3,213,0.5,18,-12.1254571,37.8578861
2020-07-29T12:59:56+00:00,July,Q3,211,0.5,7,-12.80384557,37.03410271
2020-08-01T13:46:06+00:00,August,Q3,214,0.75,109,-12.51255127,37.29695911
2020-07-31T13:06:13+00:00,July,Q3,213,0.75,25,-12.79941348,36.80147895
2020-08-02T01:39:53+00:00,August,Q3,215,0.5,57,-11.37067039,38.33780783
2020-08-01T13:46:18+00:00,August,Q3,214,0.75,47,-11.39416066,38.67717514
2020-07-31T13:06:28+00:00,July,Q3,213,0.75,26,-11.85995269,36.59136169
2020-07-30T13:23:20+00:00,July,Q3,212,0.75,30,-11.5467925,38.6080944
2020-08-01T13:46:15+00:00,August,Q3,214,0.75,111,-11.81988037,37.18181852
2020-07-30T12:31:02+00:00,July,Q3,212,0.5,17,-12.37414429,37.06674212
2020-08-03T01:06:50+00:00,August,Q3,216,0.75,116,-12.71907277,37.01257517
2020-07-31T12:09:47+00:00,July,Q3,213,0.5,13,-12.02239238,37.99382208
2020-08-02T13:27:47+00:00,August,Q3,215,0.75,116,-12.42029808,38.28268346
2020-08-02T12:22:15+00:00,August,Q3,215,0.75,39,-11.7022515,37.83349836
2020-08-01T01:43:24+00:00,August,Q3,214,0.5,14,-11.58960686,38.61512686
2020-08-02T12:21:54+00:00,August,Q3,215,0.5,33,-11.4515887,37.8664554
2020-08-02T01:39:54+00:00,August,Q3,215,0.75,57,-11.55863465,37.79753873
2020-08-03T20:44:19+00:00,August,Q3,216,0.75,85,-12.34341956,38.35353213
2020-07-31T13:06:22+00:00,July,Q3,213,0.5,15,-12.32834187,36.33783733
2020-08-02T01:39:58+00:00,August,Q3,215,0.5,13,-12.68540962,37.26373177
2020-07-31T21:31:36+00:00,July,Q3,213,0.5,12,-12.90739425,36.94222767
2020-08-01T00:22:23+00:00,August,Q3,214,0.5,13,-12.21657208,38.03916646
2020-08-02T01:39:53+00:00,August,Q3,215,0.5,40,-11.37885818,38.6201603
2020-08-01T10:04:58+00:00,August,Q3,214,0.5,5,-12.5809206,36.2622162
2020-08-01T01:43:30+00:00,August,Q3,214,0.5,15,-12.46874233,37.7885432
2020-08-01T13:46:11+00:00,August,Q3,214,0.75,31,-12.04300081,38.0646471
2020-08-01T13:46:05+00:00,August,Q3,214,0.5,21,-12.58063295,37.45462243
2020-08-02T12:22:15+00:00,August,Q3,215,0.5,34,-11.83899165,37.87995847
2020-08-01T13:46:05+00:00,August,Q3,214,0.75,45,-12.48359763,38.19020788
2020-08-17T12:47:13+00:00,August,Q3,230,0.75,1389,-11.99061018,37.41609064
2020-08-04T00:59:09+00:00,August,Q3,217,0.5,14,-12.04545486,36.34841793
2020-08-06T15:31:21+00:00,August,Q3,219,0.75,88,-12.66390607,37.25048485
2020-08-03T13:03:45+00:00,August,Q3,216,0.5,15,-12.4031314,38.1488784
2020-08-04T13:33:51+00:00,August,Q3,217,0.5,31,-12.08937723,37.820978
2020-08-06T13:20:08+00:00,August,Q3,219,0.75,64,-12.60704913,37.41653253
2020-08-10T15:24:04+00:00,August,Q3,223,0.75,1007,-12.475917,37.12941832
2020-08-06T15:31:22+00:00,August,Q3,219,0.75,81,-11.52156563,38.26751002
2020-08-04T13:33:52+00:00,August,Q3,217,0.75,55,-11.94901373,37.98814315
2020-08-05T00:49:07+00:00,August,Q3,218,0.75,17,-12.33853265,37.18173612
2020-08-04T12:37:15+00:00,August,Q3,217,0.5,14,-12.68044929,37.13187507
2020-08-05T00:49:06+00:00,August,Q3,218,0.5,27,-12.1459127,37.81170304
2020-08-06T21:18:49+00:00,August,Q3,219,0.75,102,-12.6517872,37.5508038
2020-08-04T13:33:48+00:00,August,Q3,217,0.5,13,-12.33008808,38.12257577
2020-08-09T12:31:01+00:00,August,Q3,222,0.75,94,-11.50282397,37.859414
2020-08-06T00:36:54+00:00,August,Q3,219,0.75,47,-11.80031494,38.52716766
2020-08-05T12:22:23+00:00,August,Q3,218,0.5,24,-12.31691204,38.07054238
2020-08-04T13:33:50+00:00,August,Q3,217,0.5,7,-12.20522743,37.83340014
2020-08-05T00:49:06+00:00,August,Q3,218,0.5,7,-11.58606457,38.523859
2020-08-08T01:30:56+00:00,August,Q3,221,0.75,59,-11.7630514,37.56433921
2020-08-06T15:31:22+00:00,August,Q3,219,0.5,24,-12.03708029,37.75030771
2020-08-06T13:21:17+00:00,August,Q3,219,0.5,15,-11.90299087,36.62564207
2020-08-10T09:29:53+00:00,August,Q3,223,0.75,153,-12.0373481,36.27480196
2020-08-06T15:31:22+00:00,August,Q3,219,0.5,9,-12.07873711,36.92600711
2020-08-06T15:46:56+00:00,August,Q3,219,0.5,31,-11.57962871,35.8133471
2020-08-09T11:56:04+00:00,August,Q3,222,0.75,148,-11.61547038,36.05627282
2020-08-11T00:37:00+00:00,August,Q3,224,0.75,250,-12.32563656,38.16807906
2020-08-11T02:02:18+00:00,August,Q3,224,0.75,145,-11.73328776,37.75772608
2020-08-08T01:25:28+00:00,August,Q3,221,0.75,84,-11.87840178,38.77762469
2020-08-09T12:56:27+00:00,August,Q3,222,0.75,159,-12.24513472,37.73401467
2020-08-06T15:31:22+00:00,August,Q3,219,0.5,8,-11.48820775,38.55045425
2020-08-06T15:46:57+00:00,August,Q3,219,0.5,71,-11.52654342,35.80610944
2020-08-09T12:56:37+00:00,August,Q3,222,0.5,17,-11.75176717,36.74178317
2020-08-21T13:22:17+00:00,August,Q3,221,0.75,1530,-11.98055335,38.34997269
2020-08-07T23:48:16+00:00,August,Q3,220,0.5,7,-12.38539957,38.02198014
2020-08-08T13:13:03+00:00,August,Q3,221,0.5,23,-12.75114356,36.89321044
2020-08-10T00:54:09+00:00,August,Q3,223,0.75,68,-11.46485476,38.39617386
2020-08-07T13:28:56+00:00,August,Q3,220,0.5,17,-11.65920688,36.86794147
2020-08-10T12:35:14+00:00,August,Q3,223,0.75,168,-11.67596269,38.10241069
2020-08-10T15:24:03+00:00,August,Q3,223,0.75,92,-12.3941581,37.97398538
2020-08-06T15:31:22+00:00,August,Q3,219,0.5,5,-11.956069,38.0461312
2020-08-06T15:31:22+00:00,August,Q3,219,0.5,5,-11.9319564,38.7627846
2020-08-09T12:56:26+00:00,August,Q3,222,0.75,67,-12.35004589,38.03587355
2020-08-13T15:58:05+00:00,August,Q3,226,0.75,99,-12.70222989,36.96197321
2020-08-08T13:13:26+00:00,August,Q3,221,0.5,20,-11.64079028,35.867907
2020-08-09T12:56:28+00:00,August,Q3,222,0.5,28,-12.40951471,36.48938818
2020-08-07T12:37:31+00:00,August,Q3,220,0.75,14,-11.82591407,37.8632445
2020-08-07T01:46:31+00:00,August,Q3,220,0.75,9,-11.66278222,38.04484344
2020-08-09T12:56:28+00:00,August,Q3,222,0.5,18,-12.18243988,37.86985335
2020-08-09T01:05:30+00:00,August,Q3,222,0.75,21,-11.81050686,38.7519561
2020-08-08T13:13:05+00:00,August,Q3,221,0.5,60,-12.59229685,37.295919
2020-08-07T13:28:38+00:00,August,Q3,220,0.5,14,-12.70604829,36.82037629
2020-08-08T13:13:03+00:00,August,Q3,221,0.75,65,-12.61203657,37.58823803
2020-08-09T12:56:22+00:00,August,Q3,222,0.5,48,-12.80002162,36.75631355
2020-08-10T08:52:43+00:00,August,Q3,223,0.75,229,-12.48305638,38.25838115
2020-08-11T13:03:29+00:00,August,Q3,224,0.75,245,-12.79866239,36.88336085
2020-08-10T15:23:57+00:00,August,Q3,223,0.75,76,-12.7688201,37.29417754
2020-08-14T01:08:01+00:00,August,Q3,227,0.75,163,-12.330819,37.91161495
2020-08-07T13:28:45+00:00,August,Q3,220,0.5,7,-12.14622014,37.62722557
2020-08-08T01:25:29+00:00,August,Q3,221,0.5,18,-12.18832544,37.80106956
2020-08-08T01:25:28+00:00,August,Q3,221,0.5,12,-11.95242767,37.74721058
2020-08-08T13:13:19+00:00,August,Q3,221,0.5,12,-11.89640358,36.35370775
2020-08-08T13:13:10+00:00,August,Q3,221,0.5,47,-12.27562017,37.21351955
2020-08-07T13:28:56+00:00,August,Q3,220,0.5,18,-11.82160839,35.96142644
2020-08-09T11:56:04+00:00,August,Q3,222,0.75,21,-11.4463829,38.58534981
2020-08-07T13:28:38+00:00,August,Q3,220,0.75,31,-12.54108345,37.90127826
2020-08-09T12:56:25+00:00,August,Q3,222,0.75,394,-12.50331471,38.08812499
2020-08-09T01:15:55+00:00,August,Q3,222,0.75,22,-11.31065373,38.85500464
2020-08-08T13:13:16+00:00,August,Q3,221,0.5,9,-11.82274989,37.94099533
2020-08-08T12:12:47+00:00,August,Q3,221,0.5,5,-12.5670094,36.6662044
2020-08-09T01:15:57+00:00,August,Q3,222,0.5,27,-11.98574519,38.01262859
2020-08-10T15:23:55+00:00,August,Q3,223,0.75,220,-12.92708975,36.91425223
2020-08-08T13:13:24+00:00,August,Q3,221,0.5,18,-11.68597028,36.16870544
2020-08-09T01:15:58+00:00,August,Q3,222,0.75,32,-11.91154506,36.13532669
2020-08-08T13:13:14+00:00,August,Q3,221,0.5,31,-11.93079948,37.97142445
2020-08-09T14:43:30+00:00,August,Q3,222,0.75,31,-12.73381723,36.75679581
2020-08-09T12:56:27+00:00,August,Q3,222,0.75,20,-12.4127675,37.1664836
2020-08-10T12:35:14+00:00,August,Q3,223,0.75,160,-11.57176923,38.16591234
2020-08-11T00:36:59+00:00,August,Q3,224,0.75,43,-11.77548252,37.38608258
2020-08-09T12:56:35+00:00,August,Q3,222,0.5,16,-11.89870063,36.1118755
2020-08-11T13:03:36+00:00,August,Q3,224,0.5,42,-12.38273212,37.12523892
2020-08-11T00:36:59+00:00,August,Q3,224,0.5,23,-11.63910617,38.4645527
2020-08-11T00:37:00+00:00,August,Q3,224,0.75,91,-12.67493791,36.87028413
2020-08-09T12:56:20+00:00,August,Q3,222,0.5,18,-12.99754061,36.73590133
2020-08-09T14:43:25+00:00,August,Q3,222,0.5,36,-13.14685575,36.33594297
2020-08-09T14:43:55+00:00,August,Q3,222,0.5,12,-11.4762545,35.89509083
2020-08-09T12:56:23+00:00,August,Q3,222,0.5,38,-12.65064968,37.66135352
2020-08-10T12:36:44+00:00,August,Q3,223,0.5,8,-12.53367088,37.75738813
2020-08-10T15:24:35+00:00,August,Q3,223,0.75,12,-11.51575792,35.86833025
2020-08-15T12:40:39+00:00,August,Q3,228,0.5,103,-11.66242216,38.2322095
2020-08-12T13:38:49+00:00,August,Q3,225,0.75,66,-12.76948659,36.82779841
2020-08-12T12:47:21+00:00,August,Q3,225,0.5,31,-11.74106303,36.4298119
2020-08-11T13:03:37+00:00,August,Q3,224,0.5,6,-12.4614145,36.30594367
2020-08-13T15:58:00+00:00,August,Q3,226,0.5,19,-13.05315617,36.67766125
2020-08-14T13:49:51+00:00,August,Q3,227,0.5,12,-11.57388818,35.83983891
2020-08-14T01:23:45+00:00,August,Q3,227,0.75,41,-12.46531405,36.92049905
2020-08-21T00:48:13+00:00,August,Q3,234,0.75,209,-12.18608547,37.50772869
2020-08-16T13:09:33+00:00,August,Q3,229,0.5,112,-12.55211391,37.71156584
2020-08-14T13:02:36+00:00,August,Q3,227,0.5,29,-11.47773369,35.80205576
2020-08-20T12:43:40+00:00,August,Q3,233,0.75,412,-12.57525271,36.97456529
2020-08-16T00:45:15+00:00,August,Q3,229,0.75,67,-12.13007983,37.77673828
2020-08-16T13:09:45+00:00,August,Q3,229,0.75,221,-11.90148122,37.11769835
2020-08-14T01:23:42+00:00,August,Q3,227,0.75,14,-12.23350986,38.55373271
2020-08-19T13:48:48+00:00,August,Q3,232,0.75,185,-12.41773978,37.89242134
2020-08-16T12:23:41+00:00,August,Q3,229,0.5,98,-11.54172211,37.83247787
2020-08-15T13:28:06+00:00,August,Q3,228,0.5,14,-12.23143971,36.13037443
2020-08-19T13:48:58+00:00,August,Q3,232,0.75,930,-11.74738884,37.28126439
2020-08-16T00:45:17+00:00,August,Q3,229,0.75,25,-12.72225788,37.24303284
2020-08-16T13:09:34+00:00,August,Q3,229,0.5,24,-12.56391221,37.50520054
2020-08-16T13:09:41+00:00,August,Q3,229,0.5,40,-12.33359025,36.4086628
2020-08-17T13:43:59+00:00,August,Q3,230,0.75,207,-12.80313915,37.27920555
2020-08-17T01:51:41+00:00,August,Q3,230,0.5,22,-12.800401,36.77643218
2020-08-16T00:45:13+00:00,August,Q3,229,0.5,6,-11.384659,38.834514
2020-08-16T00:45:14+00:00,August,Q3,229,0.75,11,-11.685059,37.03137509
2020-08-16T13:09:43+00:00,August,Q3,229,0.5,41,-12.23893702,36.01680556
2020-08-16T13:09:52+00:00,August,Q3,229,0.5,26,-11.67156615,35.83343192
2020-08-19T13:48:46+00:00,August,Q3,232,0.75,114,-12.79243545,36.68824417
2020-08-17T01:51:39+00:00,August,Q3,230,0.5,38,-11.71871995,37.36537139
2020-08-22T00:30:57+00:00,August,Q3,235,0.75,89,-12.64314983,36.83495673
2020-08-19T12:12:44+00:00,August,Q3,232,0.75,49,-12.12329088,37.46846422
2020-08-20T00:49:18+00:00,August,Q3,233,0.5,25,-11.93842667,37.26319976
2020-08-19T01:09:47+00:00,August,Q3,232,0.5,26,-12.65680478,37.62081906
2020-08-19T01:09:46+00:00,August,Q3,232,0.5,20,-11.9849571,37.88219225
2020-08-19T09:36:56+00:00,August,Q3,232,0.5,4,-13.06718275,36.6926955
2020-08-19T21:34:01+00:00,August,Q3,232,0.5,17,-12.73939006,36.80786559
2020-08-19T12:12:45+00:00,August,Q3,232,0.75,23,-11.9857143,37.82516291
2020-08-19T09:37:00+00:00,August,Q3,232,0.5,8,-12.13525625,37.025098
2020-08-19T13:48:44+00:00,August,Q3,232,0.5,30,-12.96123,36.84978113
2020-08-19T13:48:52+00:00,August,Q3,232,0.5,16,-11.96792644,38.77631719
2020-08-20T12:43:43+00:00,August,Q3,233,0.5,8,-11.86189113,37.85278438
2020-08-21T13:22:19+00:00,August,Q3,234,0.75,36,-12.06003714,37.44056428
2020-08-21T13:22:29+00:00,August,Q3,234,0.5,12,-11.59727625,36.07292375
2020-08-21T00:50:23+00:00,August,Q3,234,0.5,14,-12.71613543,37.07158929
2020-08-21T21:44:18+00:00,August,Q3,234,0.5,9,-12.55057644,36.90008956
2020-08-28T13:42:20+00:00,August,Q3,241,0.5,75,-12.51024329,37.43694971
2020-08-26T21:10:33+00:00,August,Q3,239,0.75,45,-11.71769676,37.06533507
2020-08-25T13:39:11+00:00,August,Q3,238,0.5,9,-11.714193,38.09206489
2020-08-29T01:27:30+00:00,August,Q3,242,0.75,92,-11.93040231,37.17480157
2020-08-26T00:52:14+00:00,August,Q3,239,0.5,16,-12.22299375,37.69803088
2020-08-25T13:39:13+00:00,August,Q3,238,0.5,8,-11.81810725,36.83888913
2020-08-26T21:42:28+00:00,August,Q3,239,0.75,36,-12.45616192,37.02122644
2020-08-26T08:37:42+00:00,August,Q3,239,0.75,9,-11.94509344,37.80309467
2020-08-26T10:08:05+00:00,August,Q3,239,0.75,30,-11.87250243,37.87404623
2020-08-30T01:02:53+00:00,August,Q3,243,0.75,37,-12.60369871,37.05697848
2020-08-27T14:32:47+00:00,August,Q3,240,0.5,10,-11.9864416,36.7702005
2020-08-28T13:42:18+00:00,August,Q3,241,0.5,16,-12.79165281,37.1149415
2020-08-29T01:27:30+00:00,August,Q3,242,0.5,66,-11.78832595,37.03091032
2020-09-04T13:05:38+00:00,September,Q3,248,0.75,302,-12.86230883,37.18615487
2020-08-28T13:42:32+00:00,August,Q3,241,0.5,23,-11.4517067,38.77465935
2020-09-03T00:11:53+00:00,September,Q3,247,0.75,322,-11.61245964,35.96908676
2020-08-29T01:27:31+00:00,August,Q3,242,0.5,6,-12.70912783,37.30301783
2020-09-02T00:25:14+00:00,September,Q3,246,0.5,65,-11.90650731,37.22634069
2020-09-03T12:27:29+00:00,September,Q3,247,0.75,581,-12.00721227,37.8682158
2020-08-30T01:02:53+00:00,August,Q3,243,0.5,30,-12.8397403,36.81164683
2020-08-30T01:02:53+00:00,August,Q3,243,0.75,33,-13.00682127,36.63846091
2020-09-01T13:10:14+00:00,September,Q3,245,0.75,139,-13.05434313,36.58356429
2020-09-01T13:10:25+00:00,September,Q3,245,0.75,41,-12.27153138,36.21387923
2020-09-13T13:39:23+00:00,September,Q3,257,0.75,538,-11.80958206,36.16189963
2020-09-06T13:16:48+00:00,September,Q3,250,0.75,401,-12.51790901,36.87269219
2020-08-31T13:26:51+00:00,August,Q3,244,0.5,11,-12.16539618,36.18744727
2020-09-02T12:49:02+00:00,September,Q3,246,0.75,58,-12.17624665,37.11006498
2020-09-02T12:49:11+00:00,September,Q3,246,0.5,34,-11.89126964,36.15016727
2020-09-02T00:25:14+00:00,September,Q3,246,0.75,51,-12.13437986,38.53707106
2020-09-02T00:25:13+00:00,September,Q3,246,0.5,22,-11.47805209,38.75552814
2020-09-07T00:38:18+00:00,September,Q3,251,0.75,195,-12.17863635,36.4161328
2020-09-02T11:56:54+00:00,September,Q3,246,0.5,19,-11.71207632,36.78826484
2020-09-01T00:45:47+00:00,September,Q3,245,0.5,9,-12.55122289,37.50824056
2020-09-01T13:10:18+00:00,September,Q3,245,0.75,93,-12.66248544,36.85465719
2020-09-05T12:44:45+00:00,September,Q3,249,0.5,51,-12.37992629,36.298414
2020-09-03T03:10:36+00:00,September,Q3,247,0.75,71,-12.83900589,37.03756325
2020-09-02T21:18:09+00:00,September,Q3,246,0.5,5,-12.153618,37.827576
2020-09-08T13:33:11+00:00,September,Q3,252,0.75,422,-12.69981561,36.78294428
2020-09-03T03:10:32+00:00,September,Q3,247,0.75,105,-11.84030083,37.58534515
2020-09-02T09:05:19+00:00,September,Q3,246,0.75,12,-12.41701392,37.76023608
2020-09-12T13:05:32+00:00,September,Q3,256,0.75,1491,-12.98321605,36.64233095
2020-09-04T13:05:39+00:00,September,Q3,248,0.5,35,-12.81914794,36.83841821
2020-09-03T03:10:36+00:00,September,Q3,247,0.5,12,-12.69492567,37.46742783
2020-09-07T00:38:18+00:00,September,Q3,251,0.5,37,-11.93500414,36.01753229
2020-09-06T00:48:49+00:00,September,Q3,250,0.5,40,-12.10032041,36.97032238
2020-09-06T00:48:46+00:00,September,Q3,250,0.5,88,-11.45174077,35.84106513
2020-09-03T12:37:01+00:00,September,Q3,247,0.75,25,-11.88562044,38.01493848
2020-09-07T00:29:43+00:00,September,Q3,251,0.75,89,-12.73733863,37.41535721
2020-09-03T03:10:36+00:00,September,Q3,247,0.75,40,-12.55496338,36.8010465
2020-09-04T01:10:37+00:00,September,Q3,248,0.5,4,-11.72135225,36.19851025
2020-09-05T13:36:31+00:00,September,Q3,249,0.75,59,-11.53377175,35.97365485
2020-09-07T12:02:31+00:00,September,Q3,251,0.5,121,-12.95082936,36.69333228
2020-09-08T12:35:58+00:00,September,Q3,252,0.75,112,-11.60469658,35.89078677
2020-09-07T02:00:12+00:00,September,Q3,251,0.75,48,-12.11382673,38.64855497
2020-09-04T13:05:46+00:00,September,Q3,248,0.75,29,-12.25328634,38.11354169
2020-09-06T00:48:46+00:00,September,Q3,250,0.75,44,-11.97917954,38.54781403
2020-09-06T00:48:54+00:00,September,Q3,250,0.75,91,-12.70239429,37.33892713
2020-09-05T13:35:46+00:00,September,Q3,249,0.5,78,-12.58635819,37.64355555
2020-09-04T13:05:46+00:00,September,Q3,248,0.5,11,-12.28003864,38.08323455
2020-09-05T13:35:39+00:00,September,Q3,249,0.75,159,-13.0581995,36.73922829
2020-09-05T12:44:37+00:00,September,Q3,249,0.75,35,-12.78313746,36.44484097
2020-09-06T02:20:41+00:00,September,Q3,250,0.5,50,-11.79935896,36.3034095
2020-09-05T01:03:30+00:00,September,Q3,249,0.5,15,-12.45134667,36.89609507
2020-09-05T12:44:41+00:00,September,Q3,249,0.5,22,-12.53217864,36.74247941
2020-09-10T01:18:09+00:00,September,Q3,254,0.75,220,-12.92809271,36.85873162
2020-09-05T13:35:51+00:00,September,Q3,249,0.5,18,-12.55340278,36.56922183
2020-09-04T21:14:39+00:00,September,Q3,248,0.5,15,-12.62708867,36.29108807
2020-09-06T00:48:54+00:00,September,Q3,250,0.5,51,-12.61927082,36.56407476
2020-09-06T21:17:07+00:00,September,Q3,250,0.5,6,-12.1827445,37.81015175
2020-09-05T13:35:48+00:00,September,Q3,249,0.5,12,-12.72829075,36.37790508
2020-09-29T12:47:45+00:00,September,Q3,273,0.75,1978,-12.37069104,37.05796436
2020-09-09T01:19:04+00:00,September,Q3,253,0.75,90,-12.44698859,38.09563253
2020-09-06T08:19:30+00:00,September,Q3,250,0.75,24,-12.87438721,37.01608321
2020-09-06T12:23:51+00:00,September,Q3,250,0.75,105,-12.00447101,37.55893715
2020-09-05T12:45:07+00:00,September,Q3,249,0.5,8,-11.49732763,35.97894438
2020-09-06T00:48:53+00:00,September,Q3,250,0.5,36,-12.62086806,37.55839403
2020-09-05T12:44:49+00:00,September,Q3,249,0.5,19,-11.83665442,38.60113558
2020-09-06T12:23:50+00:00,September,Q3,250,0.5,18,-12.1177915,37.73513061
2020-09-12T00:40:52+00:00,September,Q3,256,0.5,143,-12.27181038,37.296422
2020-09-06T00:48:48+00:00,September,Q3,250,0.5,12,-12.02407008,37.00203517
2020-09-05T12:44:48+00:00,September,Q3,249,0.5,17,-12.18598094,36.80820741
2020-09-05T13:36:18+00:00,September,Q3,249,0.5,12,-11.83565117,36.21087383
2020-09-06T00:48:52+00:00,September,Q3,250,0.5,22,-12.32506914,36.19505223
2020-09-05T13:35:54+00:00,September,Q3,249,0.5,49,-12.55058055,36.31802063
2020-09-05T13:35:48+00:00,September,Q3,249,0.5,8,-12.76902175,36.21266813
2020-09-05T13:35:48+00:00,September,Q3,249,0.5,17,-12.74403706,36.52794812
2020-09-05T13:35:42+00:00,September,Q3,249,0.5,15,-12.92487153,36.73185053
2020-09-05T13:35:54+00:00,September,Q3,249,0.5,10,-12.5395333,36.2273206
2020-09-08T21:06:09+00:00,September,Q3,252,0.75,93,-12.29055309,38.47691655
2020-09-06T00:51:19+00:00,September,Q3,250,0.5,25,-12.88812188,36.83057128
2020-09-07T00:38:18+00:00,September,Q3,251,0.75,35,-11.92161106,36.10601974
2020-09-06T13:16:54+00:00,September,Q3,250,0.5,9,-12.26036289,36.30027722
2020-09-09T13:13:42+00:00,September,Q3,253,0.75,54,-11.74686063,37.91885751
2020-09-09T13:13:14+00:00,September,Q3,253,0.75,86,-12.83587464,36.66209753
2020-09-08T01:38:57+00:00,September,Q3,252,0.5,13,-12.83318369,36.93115138
2020-09-08T01:38:50+00:00,September,Q3,252,0.75,21,-11.48738519,37.92173157
2020-09-07T12:55:43+00:00,September,Q3,251,0.75,7,-12.368497,36.33691543
2020-09-08T12:35:50+00:00,September,Q3,252,0.5,13,-12.12161808,36.07863254
2020-09-12T13:05:45+00:00,September,Q3,256,0.75,82,-12.23677923,37.25898646
2020-09-14T12:23:37+00:00,September,Q3,258,0.75,136,-12.75861037,36.99414993
2020-09-10T13:42:27+00:00,September,Q3,254,0.75,33,-12.84341541,36.84402159
2020-09-09T13:13:22+00:00,September,Q3,253,0.5,11,-12.69398733,36.05975678
2020-09-08T01:38:52+00:00,September,Q3,252,0.75,9,-11.84929478,36.21042011
2020-09-09T01:19:08+00:00,September,Q3,253,0.75,82,-12.96870892,36.94376744
2020-09-10T01:17:18+00:00,September,Q3,254,0.75,28,-12.76818871,36.73122971
2020-09-09T13:13:15+00:00,September,Q3,253,0.75,48,-12.67485823,37.42333781
2020-09-09T13:13:14+00:00,September,Q3,253,0.5,12,-12.73562658,37.37658675
2020-09-10T01:17:14+00:00,September,Q3,254,0.75,33,-11.8930371,38.55852987
2020-09-11T12:31:14+00:00,September,Q3,255,0.5,41,-12.15917114,38.18025871
2020-09-13T13:40:48+00:00,September,Q3,257,0.75,77,-11.71180695,37.222139
2020-09-10T01:18:09+00:00,September,Q3,254,0.75,11,-12.910376,36.76138645
2020-09-13T01:51:17+00:00,September,Q3,257,0.75,104,-12.6626785,37.6105385
2020-09-10T12:55:21+00:00,September,Q3,254,0.5,10,-11.8769108,36.6150142
2020-09-09T21:50:06+00:00,September,Q3,253,0.5,15,-12.17640647,37.26311867
2020-09-10T01:17:15+00:00,September,Q3,254,0.5,8,-12.41505025,38.05661663
2020-09-09T13:13:32+00:00,September,Q3,253,0.5,12,-12.17059133,37.29835542
2020-09-10T01:18:07+00:00,September,Q3,254,0.5,72,-12.74840671,37.12730531
2020-09-14T12:23:38+00:00,September,Q3,258,0.75,57,-12.63377076,36.64498417
2020-09-09T13:13:30+00:00,September,Q3,253,0.5,7,-12.41020914,36.218391
2020-09-09T12:15:56+00:00,September,Q3,253,0.5,9,-12.29239722,36.121716
2020-09-09T13:13:14+00:00,September,Q3,253,0.5,7,-12.73132743,37.30472443
2020-09-09T13:13:20+00:00,September,Q3,253,0.5,20,-12.50260835,37.5812921
2020-09-11T13:23:47+00:00,September,Q3,255,0.5,30,-12.25536517,37.66561106
2020-09-10T21:15:20+00:00,September,Q3,254,0.75,26,-12.39768196,36.99025746
2020-09-13T13:41:02+00:00,September,Q3,257,0.5,14,-12.5449084,36.3663072
2020-09-11T12:31:12+00:00,September,Q3,255,0.75,46,-12.63660983,36.97749109
2020-09-17T13:14:26+00:00,September,Q3,261,0.75,1051,-11.8616632,37.1721315
2020-09-13T13:40:55+00:00,September,Q3,257,0.5,31,-12.97003748,36.78578862
2020-09-12T12:13:01+00:00,September,Q3,256,0.5,31,-12.2077391,36.34177393
2020-09-13T13:40:53+00:00,September,Q3,257,0.5,35,-13.08854915,36.43638546
2020-09-27T00:50:54+00:00,September,Q3,271,0.75,725,-12.8635386,36.56816733
2020-09-12T12:13:02+00:00,September,Q3,256,0.5,12,-11.74357733,37.87415342
2020-09-11T21:27:05+00:00,September,Q3,255,0.5,10,-12.1193825,36.9421122
2020-09-13T13:40:55+00:00,September,Q3,257,0.75,63,-12.91221984,36.96482541
2020-09-11T12:31:17+00:00,September,Q3,255,0.5,5,-11.3064104,38.7598558
2020-09-16T12:39:38+00:00,September,Q3,260,0.5,26,-12.995541,36.42773917
2020-09-17T12:17:04+00:00,September,Q3,261,0.75,57,-13.14754764,36.3050655
2020-09-15T12:01:40+00:00,September,Q3,259,0.75,126,-12.08593494,36.98461112
2020-09-12T12:13:01+00:00,September,Q3,256,0.75,10,-12.4433027,37.2818565
2020-09-14T12:23:38+00:00,September,Q3,258,0.5,32,-12.69909422,36.59044948
2020-09-14T12:23:43+00:00,September,Q3,258,0.75,54,-11.66831204,37.272135
2020-09-15T01:34:49+00:00,September,Q3,259,0.75,61,-11.81378244,36.99441605
2020-09-19T00:01:05+00:00,September,Q3,263,0.75,354,-12.19253228,37.59995948
2020-09-13T00:18:45+00:00,September,Q3,257,0.5,6,-12.07083883,37.69227367
2020-09-13T13:40:46+00:00,September,Q3,257,0.75,120,-11.85620092,36.86008639
2020-09-15T12:01:40+00:00,September,Q3,259,0.75,99,-11.82547613,37.2521212
2020-09-13T01:51:13+00:00,September,Q3,257,0.75,29,-11.80674248,37.84622862
2020-09-17T00:46:23+00:00,September,Q3,261,0.75,113,-12.00578028,36.1264015
2020-09-13T00:18:45+00:00,September,Q3,257,0.5,6,-12.08614017,37.89967217
2020-09-14T12:23:38+00:00,September,Q3,258,0.5,43,-12.67525297,36.63201737
2020-09-13T00:18:46+00:00,September,Q3,257,0.5,12,-12.68726092,36.81387925
2020-09-13T13:41:04+00:00,September,Q3,257,0.5,14,-12.43041864,36.26730379
2020-09-13T01:51:17+00:00,September,Q3,257,0.5,10,-12.4665042,36.4359232
2020-09-13T01:51:16+00:00,September,Q3,257,0.5,6,-12.18210167,36.31452983
2020-09-13T13:41:02+00:00,September,Q3,257,0.5,14,-12.46635436,36.676835
2020-09-14T21:31:18+00:00,September,Q3,258,0.5,7,-12.7465022,36.7111168
2020-09-14T12:23:41+00:00,September,Q3,258,0.5,8,-12.16851538,36.27761463
2020-09-14T01:23:51+00:00,September,Q3,258,0.5,16,-12.20929831,36.293219
2020-09-15T13:44:14+00:00,September,Q3,259,0.75,21,-11.5941295,36.06115217
2020-09-13T13:39:24+00:00,September,Q3,257,0.5,8,-11.66642775,36.86539275
2020-09-19T01:34:15+00:00,September,Q3,263,0.5,33,-11.95948912,37.73503782
2020-09-14T21:31:18+00:00,September,Q3,258,0.75,32,-11.570915,37.93032391
2020-09-19T00:01:05+00:00,September,Q3,263,0.75,231,-12.38322901,37.59273316
2020-09-20T12:11:19+00:00,September,Q3,264,0.75,186,-11.6791415,37.50768172
2020-09-15T12:01:39+00:00,September,Q3,259,0.5,11,-12.21462518,37.95936764
2020-09-22T12:26:35+00:00,September,Q3,266,0.75,315,-11.67672987,36.97587249
2020-09-19T13:26:55+00:00,September,Q3,263,0.75,215,-11.61100316,37.86663618
2020-09-22T12:22:33+00:00,September,Q3,266,0.75,152,-12.10734327,36.11875918
2020-09-15T12:01:40+00:00,September,Q3,259,0.75,23,-12.17252579,35.90618016
2020-09-17T13:14:21+00:00,September,Q3,261,0.5,60,-12.18829042,36.19337665
2020-09-19T12:29:35+00:00,September,Q3,263,0.5,25,-12.52894656,36.33075281
2020-09-19T12:29:34+00:00,September,Q3,263,0.5,68,-12.54264047,36.70660917
2020-09-16T13:37:05+00:00,September,Q3,260,0.75,85,-12.85315762,36.99529576
2020-09-22T13:20:29+00:00,September,Q3,266,0.75,98,-12.58879362,36.64789152
2020-09-19T13:26:58+00:00,September,Q3,263,0.5,86,-11.76421993,36.84914707
2020-09-21T01:08:16+00:00,September,Q3,265,0.5,15,-12.46170133,36.05866567
2020-09-16T13:37:33+00:00,September,Q3,260,0.75,87,-11.7351586,36.21516271
2020-09-26T12:54:29+00:00,September,Q3,270,0.75,367,-12.72123543,36.65735225
2020-09-19T13:26:40+00:00,September,Q3,263,0.75,28,-12.49173205,36.2031622
2020-09-17T13:14:26+00:00,September,Q3,261,0.5,25,-11.87746384,36.85051532
2020-09-16T13:37:17+00:00,September,Q3,260,0.5,28,-12.45127075,35.94330743
2020-09-16T13:37:13+00:00,September,Q3,260,0.5,4,-12.53160025,36.49054125
2020-09-20T01:13:27+00:00,September,Q3,264,0.75,117,-12.53193406,37.49825868
2020-09-17T13:14:27+00:00,September,Q3,261,0.5,71,-11.82380355,36.87644546
2020-09-20T01:13:27+00:00,September,Q3,264,0.5,123,-12.26819577,35.98867738
2020-09-19T13:26:49+00:00,September,Q3,263,0.75,332,-12.07903452,36.85961978
2020-09-16T13:37:31+00:00,September,Q3,260,0.5,16,-11.81377519,36.31246863
2020-09-18T00:25:57+00:00,September,Q3,262,0.5,20,-12.42808185,36.2424983
2020-09-16T13:37:30+00:00,September,Q3,260,0.5,21,-11.85406105,36.31285262
2020-09-20T12:11:17+00:00,September,Q3,264,0.75,64,-12.46184558,37.705938
2020-09-16T13:37:17+00:00,September,Q3,260,0.5,11,-12.38135082,36.38769391
2020-09-17T13:14:25+00:00,September,Q3,261,0.5,16,-11.9377935,36.72303125
2020-09-22T13:20:35+00:00,September,Q3,266,0.75,125,-12.29601822,36.76545456
2020-09-18T12:46:40+00:00,September,Q3,262,0.5,8,-12.05298014,36.99742571
2020-09-19T12:29:37+00:00,September,Q3,263,0.5,35,-12.40887829,36.39105171
2020-09-23T12:59:07+00:00,September,Q3,267,0.5,66,-12.60187078,36.48272811
2020-09-21T12:47:38+00:00,September,Q3,265,0.5,23,-12.73310827,36.433151
2020-09-18T13:42:17+00:00,September,Q3,262,0.5,30,-12.22450911,36.11543522
2020-09-18T12:46:32+00:00,September,Q3,262,0.5,12,-12.62631282,36.35644955
2020-09-23T12:59:14+00:00,September,Q3,267,0.5,95,-11.9515056,36.8208848
2020-09-17T13:14:22+00:00,September,Q3,261,0.5,28,-12.17978968,36.08810682
2020-09-20T13:09:13+00:00,September,Q3,264,0.5,123,-11.71417357,36.83111788
2020-09-24T13:31:29+00:00,September,Q3,268,0.75,269,-11.87754684,35.96316419
2020-09-18T12:46:34+00:00,September,Q3,262,0.5,31,-12.50027061,36.10420358
2020-09-21T12:47:40+00:00,September,Q3,265,0.5,42,-12.59427275,36.35405375
2020-09-22T00:34:12+00:00,September,Q3,266,0.75,153,-11.48067308,37.83639023
2020-09-19T13:27:01+00:00,September,Q3,263,0.5,48,-11.68955432,36.47405991
2020-09-17T13:14:10+00:00,September,Q3,261,0.5,7,-12.60161243,36.26765271
2020-09-21T12:16:14+00:00,September,Q3,265,0.5,28,-12.16563931,35.97889685
2020-09-18T12:46:30+00:00,September,Q3,262,0.5,32,-12.49872225,37.65235172
2020-09-22T13:20:28+00:00,September,Q3,266,0.5,72,-12.70363558,36.45423167
2020-09-18T00:25:57+00:00,September,Q3,262,0.75,19,-12.60480747,37.29224468
2020-09-20T01:28:59+00:00,September,Q3,264,0.75,29,-13.13054817,36.16904067
2020-09-20T01:13:25+00:00,September,Q3,264,0.5,54,-12.06254036,37.18667524
2020-09-18T00:25:57+00:00,September,Q3,262,0.5,9,-12.66721233,37.32088233
2020-09-19T12:29:41+00:00,September,Q3,263,0.5,19,-11.91797681,37.23751756
2020-09-22T13:20:31+00:00,September,Q3,266,0.75,171,-12.48425826,36.69044431
2020-09-20T01:28:56+00:00,September,Q3,264,0.5,51,-12.3448535,36.344267
2020-09-19T13:26:42+00:00,September,Q3,263,0.5,29,-12.41415833,36.44866122
2020-09-19T13:26:27+00:00,September,Q3,263,0.5,20,-12.878781,36.88428581
2020-09-19T13:26:32+00:00,September,Q3,263,0.75,14,-12.59411921,37.24016936
2020-09-18T01:48:41+00:00,September,Q3,262,0.5,7,-11.76031814,37.97204143
2020-09-19T13:26:47+00:00,September,Q3,263,0.5,23,-12.32199596,36.07806026
2020-09-18T13:42:13+00:00,September,Q3,262,0.5,9,-12.11074911,37.05692244
2020-09-19T13:26:58+00:00,September,Q3,263,0.5,30,-11.63311077,37.6276338
2020-09-19T13:26:44+00:00,September,Q3,263,0.5,36,-12.07492606,37.90729764
2020-09-21T01:08:16+00:00,September,Q3,265,0.75,21,-12.245406,36.28910905
2020-09-21T01:08:16+00:00,September,Q3,265,0.5,46,-12.58669252,37.19016358
2020-09-19T13:26:34+00:00,September,Q3,263,0.5,32,-12.69016253,36.49938109
2020-09-21T13:34:36+00:00,September,Q3,265,0.75,104,-11.99087769,36.98502003
2020-09-22T12:22:31+00:00,September,Q3,266,0.5,79,-12.333129,36.225489
2020-09-23T09:26:35+00:00,September,Q3,267,0.75,77,-12.72096481,36.27100796
2020-09-19T13:26:49+00:00,September,Q3,263,0.5,67,-12.29066639,35.94769316
2020-10-08T00:52:08+00:00,October,Q4,,0.75,2562,-12.24017103,36.65631555
2020-09-19T13:26:56+00:00,September,Q3,263,0.5,14,-11.81501407,36.91790021
2020-09-21T00:52:29+00:00,September,Q3,265,0.75,63,-12.20476614,35.89438093
2020-09-19T09:24:08+00:00,September,Q3,263,0.5,6,-12.43114567,36.75135933
2020-09-21T01:08:15+00:00,September,Q3,265,0.5,8,-12.1466532,37.6099664
2020-09-24T13:31:28+00:00,September,Q3,268,0.75,131,-11.55570449,38.04129382
2020-09-20T13:08:56+00:00,September,Q3,264,0.5,21,-12.57558695,36.1510831
2020-09-25T13:12:41+00:00,September,Q3,269,0.75,61,-12.30091889,36.13941389
2020-09-24T13:30:54+00:00,September,Q3,268,0.5,65,-12.89612145,36.87566591
2020-09-19T13:26:31+00:00,September,Q3,263,0.5,20,-12.8500949,36.1043868
2020-09-20T13:09:01+00:00,September,Q3,264,0.5,26,-12.39154423,36.17471473
2020-09-20T13:08:58+00:00,September,Q3,264,0.5,20,-12.45572495,36.1430786
2020-09-21T13:34:30+00:00,September,Q3,265,0.5,13,-12.4709505,36.0074745
2020-09-21T12:35:09+00:00,September,Q3,265,0.75,24,-11.60139547,37.73221716
2020-09-21T12:47:42+00:00,September,Q3,265,0.5,15,-12.46842725,36.25331267
2020-09-28T00:40:08+00:00,September,Q3,272,0.75,669,-11.45750194,37.99567285
2020-09-22T13:20:31+00:00,September,Q3,266,0.5,33,-12.53925517,36.56387631
2020-09-20T01:28:57+00:00,September,Q3,264,0.5,7,-12.47374043,36.18145343
2020-09-27T00:50:49+00:00,September,Q3,271,0.75,410,-12.17294862,38.41580462
2020-09-20T13:08:48+00:00,September,Q3,264,0.5,63,-12.76222459,37.02032698
2020-09-25T08:47:59+00:00,September,Q3,269,0.75,82,-12.77678116,36.49928388
2020-09-24T12:38:49+00:00,September,Q3,268,0.5,36,-12.05135567,36.97571
2020-10-07T01:07:38+00:00,October,Q3,,0.75,1780,-12.15744936,37.47896279
2020-09-22T12:26:35+00:00,September,Q3,266,0.5,31,-11.70208833,36.14871505
2020-10-07T01:07:38+00:00,October,Q3,,0.75,1994,-11.96699288,36.3295855
2020-09-21T13:34:26+00:00,September,Q3,265,0.5,50,-12.38712424,37.64891536
2020-09-22T13:20:28+00:00,September,Q3,266,0.5,44,-12.68845184,36.31051687
2020-09-21T13:34:48+00:00,September,Q3,265,0.5,38,-11.61414437,36.16296455
2020-09-24T13:30:56+00:00,September,Q3,268,0.75,130,-12.9375464,36.42667933
2020-10-06T13:55:55+00:00,October,Q3,,0.75,779,-13.00499708,36.19966769
2020-09-22T00:49:39+00:00,September,Q3,266,0.5,35,-11.75585,36.23586003
2020-09-22T13:20:45+00:00,September,Q3,266,0.75,14,-11.74129664,36.63868814
2020-09-23T01:50:24+00:00,September,Q3,267,0.75,138,-11.48033119,35.90601437
2020-09-22T13:20:38+00:00,September,Q3,266,0.5,7,-12.08304957,37.04501157
2020-09-26T01:07:55+00:00,September,Q3,270,0.75,119,-12.0820965,37.26177957
2020-09-23T12:59:06+00:00,September,Q3,267,0.5,31,-12.67879531,36.26825685
2020-09-22T13:20:28+00:00,September,Q3,266,0.5,20,-12.6810463,36.41029835
2020-09-21T13:34:18+00:00,September,Q3,265,0.5,21,-12.98591705,36.68886857
2020-10-01T12:52:03+00:00,October,Q3,,0.75,269,-13.02416783,36.88406177
2020-09-21T13:34:23+00:00,September,Q3,265,0.5,11,-12.49297855,37.662833
2020-09-21T13:34:41+00:00,September,Q3,265,0.5,11,-11.56751173,37.97811545
2020-09-22T21:08:39+00:00,September,Q3,266,0.5,34,-12.71117071,36.74822609
2020-09-23T01:50:24+00:00,September,Q3,267,0.5,18,-11.66792556,35.90285511
2020-09-21T13:34:44+00:00,September,Q3,265,0.5,9,-11.79073133,36.24983789
2020-09-21T13:34:35+00:00,September,Q3,265,0.5,7,-12.14324086,36.463732
2020-09-27T00:40:21+00:00,September,Q3,271,0.75,41,-12.51936529,36.49682886
2020-09-24T00:42:49+00:00,September,Q3,268,0.5,17,-12.3488311,38.3211381
2020-09-22T00:49:41+00:00,September,Q3,266,0.75,16,-12.77648656,37.09167025
2020-09-24T13:30:59+00:00,September,Q3,268,0.5,19,-12.78665667,36.40585167
2020-09-27T00:50:49+00:00,September,Q3,271,0.75,124,-11.92114192,37.71300654
2020-09-22T13:20:29+00:00,September,Q3,266,0.5,6,-12.58869717,36.60135267
2020-09-23T12:59:04+00:00,September,Q3,267,0.5,11,-12.93066909,36.77810545
2020-09-23T01:50:24+00:00,September,Q3,267,0.5,19,-11.81612947,38.13743295
2020-09-26T14:04:33+00:00,September,Q3,270,0.5,24,-12.46630827,36.03229145
2020-09-25T13:12:25+00:00,September,Q3,269,0.75,306,-12.75300755,37.42030496
2020-09-25T12:21:02+00:00,September,Q3,269,0.5,11,-12.15592,38.54042189
2020-09-27T13:25:31+00:00,September,Q3,271,0.75,174,-12.52018094,36.02338312
2020-09-26T14:04:33+00:00,September,Q3,270,0.5,32,-12.47412792,36.27980542
2020-09-23T01:50:28+00:00,September,Q3,267,0.5,8,-12.27547675,36.17314763
2020-09-24T12:38:43+00:00,September,Q3,268,0.75,25,-12.4289544,37.56415108
2020-09-24T13:31:01+00:00,September,Q3,268,0.5,23,-12.65660468,36.59898682
2020-09-26T12:54:41+00:00,September,Q3,270,0.5,24,-12.37259931,36.02798025
2020-09-25T13:12:34+00:00,September,Q3,269,0.75,146,-12.44064634,36.80532818
2020-09-23T21:20:56+00:00,September,Q3,267,0.75,39,-11.70215733,36.10700315
2020-09-26T13:41:16+00:00,September,Q3,270,0.75,66,-12.89419035,36.13041265
2020-10-07T01:07:38+00:00,October,Q3,,0.75,3267,-12.03385204,36.46918558
2020-09-25T13:12:47+00:00,September,Q3,269,0.75,42,-11.93796892,36.97467927
2020-09-24T12:38:49+00:00,September,Q3,268,0.5,15,-12.12399287,36.0311434
2020-09-27T13:25:31+00:00,September,Q3,271,0.5,35,-12.2041839,37.19487752
2020-09-26T01:07:54+00:00,September,Q3,270,0.75,48,-11.69330533,36.06021317
2020-09-27T13:25:30+00:00,September,Q3,271,0.5,41,-12.49848133,36.18639537
2020-09-25T01:24:43+00:00,September,Q3,269,0.5,30,-12.7570164,36.17501803
2020-09-26T12:54:39+00:00,September,Q3,270,0.5,31,-12.38910252,36.14781591
2020-09-25T12:21:03+00:00,September,Q3,269,0.75,42,-12.03148519,38.45542831
2020-09-25T13:12:44+00:00,September,Q3,269,0.5,7,-12.01202857,37.21646314
2020-09-27T12:32:48+00:00,September,Q3,271,0.5,29,-11.65114976,36.05284436
2020-09-27T13:25:32+00:00,September,Q3,271,0.5,193,-12.22402408,36.92214776
2020-09-24T13:31:24+00:00,September,Q3,268,0.5,59,-11.94374856,36.64662117
2020-09-25T13:12:53+00:00,September,Q3,269,0.75,76,-11.81401453,36.18569972
2020-09-27T13:25:42+00:00,September,Q3,271,0.75,195,-11.87716478,36.2086491
2020-09-25T13:12:50+00:00,September,Q3,269,0.5,19,-11.88323995,36.62088474
2020-09-24T13:31:18+00:00,September,Q3,268,0.5,31,-12.01856752,37.01871519
2020-09-28T00:40:10+00:00,September,Q3,272,0.5,61,-12.13710329,36.88564359
2020-09-27T13:25:33+00:00,September,Q3,271,0.75,57,-12.29810563,36.274918
2020-09-24T13:31:10+00:00,September,Q3,268,0.5,15,-12.40036547,36.21175153
2020-09-27T12:32:40+00:00,September,Q3,271,0.5,14,-12.51854229,36.06656429
2020-09-24T13:31:07+00:00,September,Q3,268,0.5,11,-12.49294236,36.23134609
2020-09-24T13:31:03+00:00,September,Q3,268,0.5,19,-12.62030053,36.50784032
2020-09-24T13:31:01+00:00,September,Q3,268,0.5,14,-12.67275014,36.55401179
2020-09-26T12:54:28+00:00,September,Q3,270,0.5,32,-12.80158938,36.28552427
2020-09-27T13:25:30+00:00,September,Q3,271,0.5,20,-12.455245,36.16999043
2020-09-24T13:31:04+00:00,September,Q3,268,0.5,13,-12.63218262,36.21697246
2020-09-24T13:30:59+00:00,September,Q3,268,0.5,7,-12.818834,36.32638429
2020-09-24T13:31:06+00:00,September,Q3,268,0.5,9,-12.49723889,36.34642711
2020-09-27T13:25:28+00:00,September,Q3,271,0.5,26,-12.60984582,36.18095814
2020-09-26T14:04:32+00:00,September,Q3,270,0.5,19,-12.638035,36.693473
2020-09-27T12:32:40+00:00,September,Q3,271,0.5,12,-12.5565806,36.1517071
2020-09-26T12:54:49+00:00,September,Q3,270,0.5,37,-11.96051878,36.78554535
2020-09-27T13:25:32+00:00,September,Q3,271,0.5,16,-12.2725006,36.59712
2020-09-27T00:50:49+00:00,September,Q3,271,0.75,114,-11.91637874,36.58489773
2020-09-27T13:25:37+00:00,September,Q3,271,0.5,102,-12.1689163,35.88357259
2020-09-25T13:12:36+00:00,September,Q3,269,0.5,10,-12.4751785,36.0963871
2020-09-26T12:54:45+00:00,September,Q3,270,0.5,6,-12.08442783,36.92759467
2020-10-07T01:07:38+00:00,October,Q4,281,0.75,445,-12.04174281,37.63976536
2020-09-30T01:27:15+00:00,September,Q3,274,0.5,26,-12.5466685,36.4989435
2020-09-26T14:04:33+00:00,September,Q3,270,0.5,13,-12.35127085,36.42040015
2020-10-01T12:06:38+00:00,October,Q4,275,0.75,295,-12.08291809,36.69838918
2020-09-27T13:25:33+00:00,September,Q3,271,0.75,50,-12.26785589,36.3777206
2020-09-25T13:12:42+00:00,September,Q3,269,0.5,117,-12.29602914,35.90145081
2020-09-28T13:07:08+00:00,September,Q3,272,0.75,123,-11.74356893,36.06329309
2020-09-25T21:16:46+00:00,September,Q3,269,0.5,5,-12.6639242,36.4507516
2020-09-27T00:50:52+00:00,September,Q3,271,0.5,18,-12.33071817,36.00817189
2020-09-27T13:25:22+00:00,September,Q3,271,0.75,56,-12.66467048,37.5231955
2020-09-27T00:50:52+00:00,September,Q3,271,0.5,15,-12.49431907,36.4347092
2020-09-26T12:54:47+00:00,September,Q3,270,0.5,7,-12.00878529,36.96093586
2020-10-01T01:12:37+00:00,October,Q4,275,0.75,120,-12.46383851,36.45126195
2020-09-26T14:04:34+00:00,September,Q3,270,0.5,25,-12.05518752,36.6230578
2020-09-26T14:04:31+00:00,September,Q3,270,0.5,5,-12.842394,36.2550192
2020-09-29T12:47:44+00:00,September,Q3,273,0.75,19,-12.681539,36.30308563
2020-09-27T12:32:37+00:00,September,Q3,271,0.5,21,-12.74757019,36.24558348
2020-09-26T14:04:31+00:00,September,Q3,270,0.5,10,-12.7712227,36.3695312
2020-09-27T13:25:34+00:00,September,Q3,271,0.5,40,-12.25239925,36.18916573
2020-09-26T14:04:34+00:00,September,Q3,270,0.5,10,-12.2562207,35.9961254
2020-09-27T13:25:37+00:00,September,Q3,271,0.5,8,-11.99707775,36.91687113
2020-10-01T13:00:26+00:00,October,Q4,275,0.75,373,-11.9942561,38.13034975
2020-10-05T13:21:38+00:00,October,Q4,279,0.75,571,-12.79661783,36.52575252
2020-10-03T13:11:36+00:00,October,Q4,277,0.75,164,-12.32451543,36.89030727
2020-09-27T21:15:22+00:00,September,Q3,271,0.75,25,-11.8885474,38.75479392
2020-10-03T09:35:04+00:00,October,Q4,277,0.75,89,-13.06435589,36.16704778
2020-10-07T12:43:19+00:00,October,Q4,281,0.75,79,-12.6155245,36.5918885
2020-10-07T01:07:38+00:00,October,Q4,281,0.75,391,-12.09601452,35.91979463
2020-10-01T12:06:37+00:00,October,Q4,275,0.5,18,-12.6675381,36.5509556
2020-09-28T13:06:56+00:00,September,Q3,272,0.5,40,-12.77719548,36.46316733
2020-10-02T12:39:10+00:00,October,Q4,276,0.75,78,-11.68522036,36.14266045
2020-10-07T00:32:27+00:00,October,Q4,281,0.75,498,-12.92575737,36.21004971
2020-10-12T13:21:45+00:00,October,Q4,286,0.75,221,-11.74858282,36.38692171
2020-10-01T13:00:16+00:00,October,Q4,275,0.5,9,-12.70207988,36.85629325
2020-10-01T01:12:35+00:00,October,Q4,275,0.75,40,-11.83655406,36.36732997
2020-10-01T13:00:19+00:00,October,Q4,275,0.5,12,-12.5873535,36.68926775
2020-10-03T13:11:31+00:00,October,Q4,277,0.75,341,-12.64658128,36.72730744
2020-10-03T13:11:50+00:00,October,Q4,277,0.75,93,-11.7962806,36.71736
2020-09-29T21:35:46+00:00,September,Q3,303,0.5,17,-11.61623653,38.66693306
2020-10-01T01:19:19+00:00,October,Q4,275,0.5,11,-12.32665073,38.473026
2020-09-30T13:30:12+00:00,September,Q3,273,0.5,26,-12.87098858,36.80216185
2020-10-03T13:11:39+00:00,October,Q4,277,0.5,84,-12.189111,37.08457206
2020-10-08T12:21:59+00:00,October,Q4,278,0.75,760,-11.80001666,35.8708435
2020-10-07T01:07:38+00:00,October,Q4,277,0.75,158,-12.3550818,37.86980173
2020-10-01T11:23:55+00:00,October,Q4,275,0.5,5,-12.1340636,36.1531944
2020-10-02T13:27:09+00:00,October,Q4,276,0.5,36,-12.562456,36.621286
2020-10-05T13:21:40+00:00,October,Q4,279,0.5,52,-12.78052836,36.22722955
2020-10-03T13:11:32+00:00,October,Q4,277,0.5,33,-12.66492795,36.2266231
2020-10-07T12:43:18+00:00,October,Q4,281,0.75,674,-12.95124755,36.34379078
2020-10-01T13:00:18+00:00,October,Q4,275,0.5,17,-12.63418941,36.47776229
2020-10-06T13:56:05+00:00,October,Q4,280,0.5,110,-12.48056619,36.22615981
2020-10-07T12:18:09+00:00,October,Q4,281,0.75,181,-12.55811595,36.15634653
2020-10-01T12:06:38+00:00,October,Q4,275,0.5,8,-11.875432,38.73633425
2020-09-30T13:30:13+00:00,September,Q3,274,0.75,118,-12.59159858,37.73129196
2020-10-02T01:03:06+00:00,October,Q4,276,0.5,22,-12.70919332,36.78830518
2020-09-30T13:30:23+00:00,September,Q3,274,0.5,4,-11.8856215,38.6935375
2020-09-30T13:30:21+00:00,September,Q3,274,0.5,21,-12.21377267,37.66047681
2020-10-02T01:03:05+00:00,October,Q4,276,0.5,12,-12.43958733,38.01870658
2020-10-06T13:56:09+00:00,October,Q4,280,0.5,67,-12.37339193,35.97014943
2020-09-30T13:30:23+00:00,September,Q3,274,0.5,11,-12.10517836,37.50472373
2020-09-30T13:30:17+00:00,September,Q3,274,0.5,9,-12.602476,36.28622511
2020-10-01T13:00:19+00:00,October,Q4,275,0.5,20,-12.5750693,36.51613965
2020-10-01T13:00:19+00:00,October,Q4,275,0.5,19,-12.29149658,38.44494621
2020-10-06T13:56:13+00:00,October,Q4,280,0.75,158,-12.16664667,36.09077567
2020-09-30T13:30:27+00:00,September,Q3,274,0.5,11,-12.11300564,36.17805073
2020-10-06T01:27:58+00:00,October,Q4,280,0.75,59,-12.07388114,37.6614085
2020-10-05T13:21:44+00:00,October,Q4,279,0.5,49,-12.62931686,36.060245
2020-10-03T13:11:28+00:00,October,Q4,277,0.5,21,-12.81392669,36.348122
2020-10-04T12:50:36+00:00,October,Q4,278,0.5,35,-12.51336982,36.01500612
2020-10-05T13:21:42+00:00,October,Q4,279,0.75,49,-12.64590362,36.33678962
2020-10-05T13:21:43+00:00,October,Q4,279,0.5,36,-12.59645214,36.37506564
2020-10-04T12:50:33+00:00,October,Q4,278,0.5,62,-12.63047241,36.40995563
2020-10-02T13:27:16+00:00,October,Q4,276,0.5,74,-12.21199984,37.12276514
2020-10-01T13:42:37+00:00,October,Q4,275,0.75,23,-12.27530948,36.10131239
2020-10-02T13:27:04+00:00,October,Q4,276,0.5,19,-12.61544326,37.68396374
2020-10-03T13:11:38+00:00,October,Q4,277,0.5,64,-12.20371507,37.22801809
2020-10-07T13:45:33+00:00,October,Q4,281,0.75,1206,-12.00217148,35.95622981
2020-10-06T01:28:00+00:00,October,Q4,280,0.5,40,-12.53207075,36.366267
2020-10-01T13:42:34+00:00,October,Q4,275,0.5,18,-12.43938139,36.20554472
2020-10-04T12:50:35+00:00,October,Q4,278,0.5,6,-12.574306,36.0165655
2020-10-05T13:21:33+00:00,October,Q4,279,0.75,100,-13.11655125,36.31411738
2020-10-06T13:56:02+00:00,October,Q4,280,0.5,87,-12.54031396,36.63903471
2020-10-03T12:37:57+00:00,October,Q4,277,0.5,11,-12.44556329,36.080259
2020-10-03T00:45:22+00:00,October,Q4,277,0.5,38,-12.48139642,37.99498292
2020-10-03T13:11:30+00:00,October,Q4,277,0.5,54,-12.5085942,37.5328205
2020-10-08T00:36:54+00:00,October,Q4,282,0.5,194,-12.09841462,37.40032085
2020-10-05T12:24:07+00:00,October,Q4,279,0.5,25,-12.19962988,35.97814663
2020-10-05T12:24:05+00:00,October,Q4,279,0.5,82,-12.154714,37.302673
2020-10-02T13:27:14+00:00,October,Q4,276,0.5,19,-12.39348979,36.38560768
2020-10-06T13:56:00+00:00,October,Q4,280,0.5,34,-12.729005,36.253826
2020-10-04T12:50:40+00:00,October,Q4,278,0.5,13,-12.15577178,37.032263
2020-10-03T02:22:31+00:00,October,Q4,277,0.75,25,-12.86145884,36.86436828
2020-10-06T13:56:03+00:00,October,Q4,280,0.75,89,-12.53365743,36.43907208
2020-10-05T12:39:46+00:00,October,Q4,279,0.5,13,-12.70732513,36.0864405
2020-10-06T13:56:02+00:00,October,Q4,280,0.5,24,-12.58144214,36.32558957
2020-10-02T13:27:06+00:00,October,Q4,276,0.75,26,-12.83305027,36.08814973
2020-10-06T13:56:20+00:00,October,Q4,280,0.75,133,-11.7715027,36.16996391
2020-10-04T12:50:48+00:00,October,Q4,278,0.5,26,-11.7512585,36.70655758
2020-10-03T21:29:05+00:00,October,Q4,277,0.5,9,-12.41652389,36.16763411
2020-10-04T12:50:36+00:00,October,Q4,278,0.5,9,-12.47310078,36.19109756
2020-10-04T12:50:49+00:00,October,Q4,278,0.75,35,-11.48868949,38.10984414
2020-10-04T00:22:31+00:00,October,Q4,278,0.5,23,-11.82567604,36.29932678
2020-10-05T13:21:57+00:00,October,Q4,279,0.5,12,-12.02563178,36.10060767
2020-10-04T12:50:40+00:00,October,Q4,278,0.75,26,-12.23910635,36.35619038
2020-10-04T00:22:31+00:00,October,Q4,278,0.5,20,-12.29845285,38.08737755
2020-10-04T12:50:34+00:00,October,Q4,278,0.5,10,-12.5747298,36.199467
2020-10-05T12:39:46+00:00,October,Q4,279,0.5,13,-12.579164,36.45509343
2020-10-05T13:21:41+00:00,October,Q4,279,0.5,36,-12.68724714,36.36256338
2020-10-03T13:11:30+00:00,October,Q4,277,0.5,12,-12.71476667,36.42933508
2020-10-06T13:55:57+00:00,October,Q4,280,0.75,28,-12.84928033,36.44271811
2020-10-04T12:46:34+00:00,October,Q4,278,0.5,15,-13.06129333,36.60764887
2020-10-06T13:56:13+00:00,October,Q4,280,0.5,23,-12.015333,37.03891775
2020-10-04T01:53:33+00:00,October,Q4,280,0.5,7,-11.68623571,36.72090614
2020-10-07T00:52:21+00:00,October,Q4,281,0.75,151,-12.17605635,36.95988015
2020-10-03T13:11:40+00:00,October,Q4,277,0.5,53,-12.16625092,37.14626523
2020-10-05T12:24:05+00:00,October,Q4,279,0.5,27,-12.33565829,35.92772671
2020-10-05T12:39:49+00:00,October,Q4,279,0.75,21,-11.86850424,36.3997621
2020-10-12T13:21:44+00:00,October,Q4,286,0.75,384,-12.02420886,36.81128942
2020-10-06T13:56:06+00:00,October,Q4,280,0.75,116,-12.21944463,37.36966897
2020-10-05T13:21:49+00:00,October,Q4,279,0.75,63,-12.05950135,37.84162262
2020-10-11T21:15:16+00:00,October,Q4,285,0.75,438,-12.34142252,37.74029826
2020-10-06T12:05:14+00:00,October,Q4,280,0.5,19,-12.17672694,36.81762294
2020-10-06T13:56:02+00:00,October,Q4,280,0.75,53,-12.43719533,37.5429202
2020-10-09T12:55:16+00:00,October,Q4,283,0.75,252,-11.901613,36.92415655
2020-10-06T13:56:10+00:00,October,Q4,280,0.5,71,-12.1151078,37.17961588
2020-10-07T12:43:21+00:00,October,Q4,281,0.75,67,-12.09134337,36.61150673
2020-10-06T01:27:59+00:00,October,Q4,280,0.5,18,-12.23135389,36.85839656
2020-10-06T13:56:09+00:00,October,Q4,280,0.5,67,-12.28576094,36.25184273
2020-10-06T13:56:08+00:00,October,Q4,280,0.5,41,-12.41965313,35.94249039
2020-10-07T00:52:21+00:00,October,Q4,281,0.5,186,-12.27702237,37.03109702
2020-10-07T01:07:38+00:00,October,Q4,28,0.75,16,-12.13683688,36.19958044
2020-10-12T01:01:03+00:00,October,Q4,286,0.75,130,-12.98699673,36.44961814
2020-10-07T12:43:23+00:00,October,Q4,281,0.5,71,-11.68617232,35.90667996
2020-10-07T00:52:21+00:00,October,Q4,281,0.5,95,-12.07514204,36.05051279
2020-10-05T13:21:42+00:00,October,Q4,279,0.5,5,-12.663888,36.1059974
2020-10-06T12:05:12+00:00,October,Q4,280,0.75,25,-12.73442644,36.28024248
2020-10-06T13:55:54+00:00,October,Q4,280,0.5,34,-13.0621845,36.405971
2020-10-05T13:21:51+00:00,October,Q4,279,0.5,25,-12.21262272,36.8207072
2020-10-07T01:07:39+00:00,October,Q4,281,0.5,54,-12.3081262,36.37769391
2020-10-12T13:21:42+00:00,October,Q4,286,0.75,1326,-13.12328956,36.49412168
2020-10-08T13:13:59+00:00,October,Q4,282,0.75,107,-12.198543,36.7697105
2020-10-10T13:30:04+00:00,October,Q4,284,0.75,54,-12.8249115,36.60137434
2020-10-11T01:18:50+00:00,October,Q4,285,0.5,15,-12.483105,36.55841309
2020-10-10T12:39:53+00:00,October,Q4,284,0.75,88,-11.90000019,37.27435014
2020-10-07T01:07:37+00:00,October,Q4,281,0.75,19,-11.65088889,36.11522737
2020-10-10T01:55:41+00:00,October,Q4,284,0.5,14,-12.40350942,36.56861808
2020-10-11T13:06:34+00:00,October,Q4,285,0.5,54,-12.01668708,37.23356502
2020-10-12T13:21:42+00:00,October,Q4,286,0.75,66,-13.02290444,36.28419344
2020-10-11T21:15:17+00:00,October,Q4,285,0.75,213,-12.52707919,37.81665278
2020-10-11T13:06:37+00:00,October,Q4,285,0.5,68,-11.59880924,38.32012526
2020-10-11T21:15:16+00:00,October,Q4,285,0.5,13,-11.62786277,38.38214923
2020-10-12T13:21:43+00:00,October,Q4,286,0.75,33,-12.55814237,36.14225815
2020-10-12T01:01:03+00:00,October,Q4,286,0.75,23,-12.24167309,36.21994765
2020-10-11T13:06:29+00:00,October,Q4,285,0.5,27,-12.335757,37.69356448
2020-10-12T12:30:07+00:00,October,Q4,286,0.5,15,-12.48927167,37.9241896
2020-10-11T13:06:39+00:00,October,Q4,285,0.5,6,-11.519928,37.90705483
2020-10-12T01:01:03+00:00,October,Q4,286,0.5,26,-11.71448738,36.03580919
2020-10-11T21:15:16+00:00,October,Q4,285,0.5,10,-12.7943955,36.4978337
2020-10-12T13:21:43+00:00,October,Q4,286,0.75,96,-12.45190022,36.61875329
2020-10-12T13:21:42+00:00,October,Q4,286,0.75,97,-12.61296019,37.36597363
2020-10-12T01:01:02+00:00,October,Q4,286,0.5,9,-11.80356989,37.89569778
2020-10-11T13:06:44+00:00,October,Q4,285,0.5,21,-11.54018871,35.95386781
2020-10-12T13:21:42+00:00,October,Q4,286,0.5,17,-12.98669906,36.21694247
2020-10-11T13:06:21+00:00,October,Q4,285,0.5,11,-13.128893,36.35515564
2020-10-12T13:21:43+00:00,October,Q4,286,0.75,8,-12.66861763,36.19468913
2020-10-12T13:21:43+00:00,October,Q4,286,0.5,31,-12.47103135,37.49862765
2020-10-11T21:50:56+00:00,October,Q4,285,0.75,15,-12.06720673,36.93552687
2020-10-12T09:47:33+00:00,October,Q4,286,0.5,8,-12.16276063,36.90349038
2020-10-15T13:33:32+00:00,October,Q4,289,0.5,44,-11.86591684,36.91776145
2020-10-15T13:33:26+00:00,October,Q4,289,0.5,15,-13.1350774,36.27588953
2020-10-19T13:12:56+00:00,October,Q4,293,0.5,16,-12.17469206,38.30105825
2020-10-18T13:27:59+00:00,October,Q4,292,0.5,15,-12.5023684,37.8783648
2020-10-19T13:12:53+00:00,October,Q4,293,0.75,35,-12.4819548,37.81546066
2020-10-21T13:35:27+00:00,October,Q4,295,0.5,6,-12.619184,36.1566812
2020-10-19T00:46:34+00:00,October,Q4,293,0.5,6,-12.2806705,38.33622533
2020-10-21T12:25:08+00:00,October,Q4,295,0.5,20,-12.75291927,37.14546453
2020-10-19T13:12:58+00:00,October,Q4,293,0.5,20,-12.140256,37.61570455
2020-10-20T00:23:36+00:00,October,Q4,294,0.5,26,-12.58860719,37.66202719
2020-10-21T13:35:31+00:00,October,Q4,295,0.5,21,-12.03536865,37.08302395
2020-10-23T12:46:19+00:00,October,Q4,297,0.5,13,-12.688597,36.20160033
2020-10-21T12:25:15+00:00,October,Q4,295,0.5,9,-11.57643956,36.09227222
2020-10-22T13:09:33+00:00,October,Q4,296,0.5,40,-13.02690144,36.33215269
2020-10-21T13:35:23+00:00,October,Q4,295,0.5,54,-13.02304539,36.3760438
2020-10-22T13:04:17+00:00,October,Q4,296,0.5,24,-12.59544804,36.38876243
2020-10-21T13:35:32+00:00,October,Q4,295,0.5,9,-11.79181467,38.15488267
2020-10-21T13:35:25+00:00,October,Q4,295,0.5,8,-12.69273438,36.891107
2020-10-22T13:04:19+00:00,October,Q4,296,0.5,18,-12.40769594,36.1947025
2020-10-21T13:35:24+00:00,October,Q4,295,0.5,20,-12.8610956,36.26669085
2020-10-30T00:34:21+00:00,October,Q4,304,0.75,396,-11.321206,37.87763188
2020-10-23T13:49:43+00:00,October,Q4,297,0.5,7,-12.25531729,36.35448443
2020-10-23T13:49:41+00:00,October,Q4,297,0.5,4,-12.56359275,36.6203435
2020-10-24T01:07:07+00:00,October,Q4,298,0.5,8,-11.83160688,37.9655345
2020-10-24T21:23:32+00:00,October,Q4,298,0.5,3,-12.92189033,36.321204
2020-10-26T13:28:12+00:00,October,Q4,300,0.5,10,-12.5955604,37.4587178
2020-10-29T12:27:19+00:00,October,Q4,303,0.75,71,-12.55694912,37.386743
2020-10-29T13:18:28+00:00,October,Q4,303,0.5,12,-12.31491542,37.30658033
2020-10-31T12:39:07+00:00,October,Q4,305,0.5,14,-12.99948317,36.40600833
2020-11-06T13:23:51+00:00,November,Q4,311,1,100,-11.8068578,37.84741212
2020-11-06T13:23:48+00:00,November,Q4,311,1,257,-12.18776399,38.34893435
2020-11-12T13:04:20+00:00,November,Q4,317,1,378,-11.82705402,38.32169523
2020-11-04T13:11:19+00:00,November,Q4,309,0.75,84,-11.88304663,38.23535455
2020-11-04T12:16:24+00:00,November,Q4,309,0.75,172,-11.84608451,37.81548713
2020-11-04T00:48:14+00:00,November,Q4,309,0.5,18,-12.92401328,36.60074867
2020-11-04T13:11:19+00:00,November,Q4,309,0.5,10,-12.0942772,37.0735679
2020-11-05T12:45:14+00:00,November,Q4,310,1,68,-11.47138261,38.05391916
2020-11-03T13:27:30+00:00,November,Q4,308,0.5,13,-11.92959769,36.322966
2020-11-09T12:25:42+00:00,November,Q4,314,1,417,-12.09112764,38.12826826
2020-11-05T01:50:01+00:00,November,Q4,310,0.75,209,-11.86213478,37.81955452
2020-11-08T12:42:49+00:00,November,Q4,313,1,325,-12.26757961,38.38463654
2020-11-05T21:09:00+00:00,November,Q4,310,0.75,39,-11.91252487,36.3896039
2020-11-09T14:01:47+00:00,November,Q4,314,1,182,-13.0145704,36.35234698
2020-11-13T12:49:28+00:00,November,Q4,318,1,252,-11.54721905,35.88647214
2020-11-08T01:02:27+00:00,November,Q4,313,1,204,-13.08870388,36.48951588
2020-11-07T13:36:35+00:00,November,Q4,312,0.75,153,-11.71160083,36.39949686
2020-11-09T00:48:26+00:00,November,Q4,314,1,522,-11.82635347,37.76291323
2020-11-07T01:16:25+00:00,November,Q4,312,0.5,16,-12.44937938,37.93254106
2020-11-07T01:16:24+00:00,November,Q4,312,1,72,-11.50134569,38.05012496
2020-11-07T13:36:29+00:00,November,Q4,312,0.5,23,-12.76122452,36.68639761
2020-11-06T13:23:48+00:00,November,Q4,311,0.5,6,-12.48809317,36.174391
2020-11-13T01:14:29+00:00,November,Q4,318,1,231,-12.24188119,37.60085581
2020-11-07T21:00:17+00:00,November,Q4,312,0.75,102,-12.53735992,37.60866741
2020-11-10T12:52:38+00:00,November,Q4,315,0.5,62,-12.82082723,36.70640806
2020-11-10T12:52:41+00:00,November,Q4,315,0.75,91,-12.13290403,37.11705494
2020-11-11T13:26:09+00:00,November,Q4,316,0.5,8,-12.15291638,37.01711025
2020-11-11T13:26:10+00:00,November,Q4,316,0.5,6,-11.61011483,38.03851667
2020-11-12T03:27:34+00:00,November,Q4,317,0.75,19,-12.12747463,37.13730916
2020-11-14T00:36:30+00:00,November,Q4,319,1,84,-11.90035864,36.89547812
2020-11-13T12:49:28+00:00,November,Q4,318,0.75,188,-11.84045043,36.71965486
2020-11-13T12:49:28+00:00,November,Q4,318,0.75,21,-11.90246319,36.73241714
2020-11-12T21:23:31+00:00,November,Q4,317,0.5,13,-11.90352731,36.71176
2020-11-19T12:37:52+00:00,November,Q4,324,1,222,-12.21343833,38.41646567
2020-11-20T00:26:17+00:00,November,Q4,325,1,289,-11.86183863,36.75253825
2020-11-15T13:01:58+00:00,November,Q4,320,0.5,14,-13.129506,36.33642279
2020-11-16T13:32:53+00:00,November,Q4,321,0.75,64,-12.486681,37.45519767
2020-11-17T12:33:12+00:00,November,Q4,322,0.5,9,-11.62051589,38.05488678
2020-11-21T02:20:33+00:00,November,Q4,326,0.5,30,-12.21315725,36.4739885
2020-11-19T13:29:47+00:00,November,Q4,324,0.75,88,-12.28866702,36.49886329
2020-11-19T08:55:31+00:00,November,Q4,324,0.75,46,-11.8975548,36.7390395
2020-11-20T13:07:59+00:00,November,Q4,325,0.75,55,-11.88359353,36.740885
2020-11-21T12:47:10+00:00,November,Q4,326,0.5,27,-12.00476089,38.16013711
2020-11-27T01:28:30+00:00,November,Q4,332,0.75,508,-12.23380706,36.98146565
2020-11-24T00:54:48+00:00,November,Q4,329,1,98,-11.64823254,38.34999334
2020-11-27T01:28:30+00:00,November,Q4,332,1,229,-11.89781094,36.60719272
2020-11-27T01:28:29+00:00,November,Q4,332,0.75,69,-13.08312244,36.35351984
2020-11-27T01:15:19+00:00,November,Q4,332,0.75,53,-12.16364306,36.83006808
2020-11-27T01:28:30+00:00,November,Q4,332,0.5,54,-11.90402954,36.6023008
2020-11-27T01:01:35+00:00,November,Q4,332,0.75,12,-12.45213433,36.4307655
2020-11-27T01:28:30+00:00,November,Q4,332,0.5,317,-12.23756377,36.96950315
2020-11-27T01:28:30+00:00,November,Q4,332,0.5,191,-11.9450605,37.00471703
2020-11-27T01:28:11+00:00,November,Q4,332,0.75,88,-13.06469716,36.3814772
2020-11-27T01:28:12+00:00,November,Q4,332,0.5,9,-11.58698144,36.05593978
2020-11-27T01:28:29+00:00,November,Q4,332,0.5,41,-12.90354936,36.69318828
2020-11-28T13:09:02+00:00,November,Q4,333,0.5,9,-12.37725856,38.34459389
2020-11-28T01:17:58+00:00,November,Q4,333,0.5,55,-12.1294448,37.09577975
2020-11-27T01:34:30+00:00,November,Q4,332,0.5,337,-11.93722644,37.01284109
2020-11-30T13:31:51+00:00,November,Q4,335,1,1042,-11.87580777,37.06758923
2020-11-28T12:23:36+00:00,November,Q4,333,0.75,71,-12.00856923,36.92138606
2020-11-29T00:56:12+00:00,November,Q4,334,0.5,97,-11.74876911,36.44384689
2020-11-28T13:09:02+00:00,November,Q4,333,0.5,59,-12.10288005,37.10634017
2020-11-29T12:52:57+00:00,November,Q4,334,1,158,-11.81009008,36.38878911
2020-11-30T12:36:33+00:00,November,Q4,335,0.75,14,-11.83771714,36.33176057
2020-11-29T12:52:57+00:00,November,Q4,334,0.5,30,-11.561178,36.08535132
2020-11-30T12:36:33+00:00,November,Q4,335,0.5,16,-12.00790756,36.34342088
2020-11-30T13:31:51+00:00,November,Q4,335,1,459,-12.1315158,36.8606904
2020-11-30T13:31:51+00:00,November,Q4,335,1,203,-12.24246261,36.77628735
2020-11-30T13:31:51+00:00,November,Q4,335,0.5,12,-12.03600858,37.12599875
